Date,Oilprice,us-index
2005-01-03,42.16,81.3
2005-01-04,43.96,82.57
2005-01-05,43.41,82.54
2005-01-06,45.51,83.15
2005-01-07,45.32,83.61
2005-01-10,45.31,83.29
2005-01-11,45.66,83.02
2005-01-12,46.46,82.14
2005-01-13,48.11,82.51
2005-01-14,48.41,83.06
2005-01-17,48.435,83.06
2005-01-18,48.46,83.36
2005-01-19,47.61,83.6
2005-01-20,47.01,83.84
2005-01-21,48.31,83.26
2005-01-24,48.61,83.24
2005-01-25,49.43,83.99
2005-01-26,48.8,83.3
2005-01-27,48.8,83.43
2005-01-28,47.15,83.48
2005-01-31,48.25,83.6
2005-02-01,47.1,83.45
2005-02-02,46.65,83.52
2005-02-03,46.4,83.97
2005-02-04,46.45,84.39
2005-02-07,45.35,85.04
2005-02-08,45.4,85.1
2005-02-09,45.45,85.02
2005-02-10,47.05,84.54
2005-02-11,47.15,84.57
2005-02-14,47.5,83.96
2005-02-15,47.3,83.59
2005-02-16,48.35,83.67
2005-02-17,47.5,83.47
2005-02-18,48.45,83.49
2005-02-21,49.725,83.55
2005-02-22,51.0,82.41
2005-02-23,51.73,82.68
2005-02-24,52.05,82.88
2005-02-25,52.2,82.66
2005-02-28,51.75,82.51
2005-03-01,51.67,82.77
2005-03-02,53.0,83.08
2005-03-03,53.6,83.28
2005-03-04,53.7,82.54
2005-03-07,53.9,82.79
2005-03-08,54.55,81.98
2005-03-09,54.75,81.63
2005-03-10,53.52,81.57
2005-03-11,54.4,81.42
2005-03-14,54.9,81.97
2005-03-15,55.05,82.12
2005-03-16,56.5,81.62
2005-03-17,56.4,81.84
2005-03-18,56.8,82.13
2005-03-21,56.7,82.88
2005-03-22,55.95,83.36
2005-03-23,49.43,84.0
2005-03-24,49.7,84.13
2005-03-28,54.06,84.62
2005-03-29,54.26,84.32
2005-03-30,53.96,84.29
2005-03-31,55.31,84.06
2005-04-01,57.26,84.43
2005-04-04,56.86,84.78
2005-04-05,55.83,84.66
2005-04-06,55.88,84.68
2005-04-07,54.16,84.87
2005-04-08,53.46,84.47
2005-04-11,53.71,84.16
2005-04-12,51.54,84.42
2005-04-13,50.21,84.42
2005-04-14,51.11,85.0
2005-04-15,50.61,84.56
2005-04-18,50.52,84.0
2005-04-19,52.33,83.76
2005-04-20,52.45,83.52
2005-04-21,52.49,83.7
2005-04-22,54.16,83.5
2005-04-25,53.16,83.82
2005-04-26,54.33,83.96
2005-04-27,51.37,84.12
2005-04-28,51.92,84.35
2005-04-29,49.2,84.43
2005-05-02,50.94,84.49
2005-05-03,49.6,84.51
2005-05-04,50.22,84.0
2005-05-05,51.12,83.94
2005-05-06,51.3,84.61
2005-05-09,52.04,84.64
2005-05-10,51.76,84.45
2005-05-11,50.39,84.94
2005-05-12,48.83,85.49
2005-05-13,48.65,86.1
2005-05-16,48.64,86.12
2005-05-17,48.97,86.21
2005-05-18,46.99,85.82
2005-05-19,47.0,86.09
2005-05-20,47.25,86.63
2005-05-23,48.68,86.4
2005-05-24,49.14,86.37
2005-05-25,50.37,86.35
2005-05-26,50.89,86.85
2005-05-27,51.65,86.42
2005-05-30,51.864999999999995,87.09
2005-05-31,52.08,87.76
2005-06-01,54.4,88.11
2005-06-02,53.46,87.75
2005-06-03,55.08,88.04
2005-06-06,54.46,87.6
2005-06-07,53.84,87.49
2005-06-08,52.51,87.88
2005-06-09,54.36,88.07
2005-06-10,53.55,88.69
2005-06-13,55.47,88.95
2005-06-14,55.03,89.26
2005-06-15,55.53,88.65
2005-06-16,56.48,88.72
2005-06-17,58.4,87.73
2005-06-20,59.19,88.49
2005-06-21,58.9,88.18
2005-06-22,58.27,88.56
2005-06-23,59.23,89.12
2005-06-24,59.63,88.78
2005-06-27,59.78,88.45
2005-06-28,58.32,88.99
2005-06-29,57.23,89.11
2005-06-30,56.63,89.11
2005-07-01,59.11,90.13
2005-07-04,59.41,90.43
2005-07-05,59.71,90.44
2005-07-06,61.24,90.38
2005-07-07,60.76,90.28
2005-07-08,59.71,90.25
2005-07-11,59.23,89.46
2005-07-12,60.49,88.41
2005-07-13,60.0,89.31
2005-07-14,57.83,89.4
2005-07-15,58.36,89.72
2005-07-18,57.12,89.64
2005-07-19,57.61,89.85
2005-07-20,56.73,89.34
2005-07-21,57.31,88.93
2005-07-22,57.75,89.64
2005-07-25,58.16,89.6
2005-07-26,59.05,90.0
2005-07-27,59.12,89.73
2005-07-28,59.91,89.34
2005-07-29,60.71,89.35
2005-08-01,61.51,88.8
2005-08-02,61.87,88.76
2005-08-03,60.76,87.99
2005-08-04,61.6,87.8
2005-08-05,62.44,88.06
2005-08-08,63.92,87.92
2005-08-09,63.13,87.89
2005-08-10,64.8,87.61
2005-08-11,65.67,87.1
2005-08-12,66.71,86.98
2005-08-15,66.21,87.32
2005-08-16,66.11,87.43
2005-08-17,63.29,88.0
2005-08-18,63.47,88.59
2005-08-19,65.51,88.58
2005-08-22,65.46,88.14
2005-08-23,65.81,88.08
2005-08-24,67.1,87.91
2005-08-25,67.29,87.64
2005-08-26,66.05,87.86
2005-08-29,67.41,88.25
2005-08-30,69.91,88.35
2005-08-31,68.63,87.58
2005-09-01,69.5,86.55
2005-09-02,66.91,86.3
2005-09-05,66.37,86.435
2005-09-06,65.83,86.57
2005-09-07,64.38,86.97
2005-09-08,64.8,87.04
2005-09-09,64.21,86.89
2005-09-12,63.29,87.71
2005-09-13,63.18,87.75
2005-09-14,65.2,87.67
2005-09-15,64.64,88.13
2005-09-16,62.91,88.05
2005-09-19,67.21,88.44
2005-09-20,66.24,88.6
2005-09-21,66.96,88.14
2005-09-22,67.07,88.56
2005-09-23,64.67,89.21
2005-09-26,65.98,89.11
2005-09-27,64.94,89.6
2005-09-28,66.36,89.47
2005-09-29,66.83,89.4
2005-09-30,66.21,89.52
2005-10-03,65.36,90.13
2005-10-04,63.74,90.1
2005-10-05,62.56,89.98
2005-10-06,61.81,88.66
2005-10-07,61.81,89.17
2005-10-10,60.71,89.46
2005-10-11,63.84,89.97
2005-10-12,64.13,89.63
2005-10-13,63.05,89.81
2005-10-14,62.61,89.35
2005-10-17,64.26,89.8
2005-10-18,62.94,90.29
2005-10-19,62.11,89.99
2005-10-20,61.04,89.91
2005-10-21,61.05,90.31
2005-10-24,60.63,90.11
2005-10-25,62.83,89.24
2005-10-26,60.85,89.49
2005-10-27,61.03,89.1
2005-10-28,61.3,89.59
2005-10-31,59.8,90.07
2005-11-01,59.85,90.08
2005-11-02,59.75,89.72
2005-11-03,61.7,90.44
2005-11-04,60.6,91.26
2005-11-07,59.4,91.29
2005-11-08,59.7,91.37
2005-11-09,59.65,91.5
2005-11-10,57.8,92.08
2005-11-11,57.45,91.98
2005-11-14,57.6,92.13
2005-11-15,57.05,92.09
2005-11-16,57.85,92.33
2005-11-17,56.2,91.88
2005-11-18,56.3,91.93
2005-11-21,57.75,92.03
2005-11-22,58.3,91.5
2005-11-23,58.35,91.51
2005-11-24,58.02,91.775
2005-11-25,57.69,92.04
2005-11-28,57.36,90.98
2005-11-29,56.46,91.62
2005-11-30,57.33,91.57
2005-12-01,58.46,91.82
2005-12-02,59.31,91.95
2005-12-05,59.91,91.48
2005-12-06,59.96,91.44
2005-12-07,59.21,91.89
2005-12-08,60.66,91.26
2005-12-09,59.41,91.25
2005-12-12,61.36,90.35
2005-12-13,61.36,90.38
2005-12-14,60.86,89.83
2005-12-15,60.01,90.02
2005-12-16,58.01,89.7
2005-12-19,57.31,89.87
2005-12-20,57.81,90.78
2005-12-21,58.56,90.94
2005-12-22,58.08,90.72
2005-12-23,58.08,90.84
2005-12-26,58.12,91.015
2005-12-27,58.16,91.19
2005-12-28,59.81,91.26
2005-12-29,60.26,91.1
2005-12-30,61.06,91.17
2006-01-03,63.11,89.84
2006-01-04,63.41,89.14
2006-01-05,62.81,89.33
2006-01-06,64.21,88.85
2006-01-09,63.56,89.25
2006-01-10,63.41,89.33
2006-01-11,63.91,88.99
2006-01-12,63.96,89.44
2006-01-13,63.86,88.89
2006-01-16,65.11,89.095
2006-01-17,66.36,89.3
2006-01-18,65.76,89.26
2006-01-19,66.86,89.39
2006-01-20,68.16,88.95
2006-01-23,68.06,87.95
2006-01-24,66.83,88.06
2006-01-25,65.6,88.33
2006-01-26,65.8,88.62
2006-01-27,67.81,89.32
2006-01-30,68.36,89.42
2006-01-31,67.86,88.96
2006-02-01,66.61,89.51
2006-02-02,64.71,89.37
2006-02-03,65.41,89.89
2006-02-06,65.11,90.29
2006-02-07,63.01,90.24
2006-02-08,62.51,90.43
2006-02-09,62.66,90.29
2006-02-10,62.01,90.55
2006-02-13,61.26,90.54
2006-02-14,59.61,90.54
2006-02-15,57.61,90.72
2006-02-16,58.61,90.73
2006-02-17,59.76,90.64
2006-02-20,60.485,90.595
2006-02-21,61.21,90.55
2006-02-22,59.03,90.67
2006-02-23,58.03,90.39
2006-02-24,61.46,90.61
2006-02-27,61.01,90.63
2006-02-28,61.37,90.11
2006-03-01,62.01,90.22
2006-03-02,63.36,89.56
2006-03-03,63.61,89.66
2006-03-06,62.46,89.89
2006-03-07,61.51,90.77
2006-03-08,60.06,90.62
2006-03-09,60.51,90.75
2006-03-10,59.91,90.85
2006-03-13,61.81,90.54
2006-03-14,63.01,90.0
2006-03-15,62.11,89.7
2006-03-16,63.46,89.07
2006-03-17,62.81,88.92
2006-03-20,60.31,89.13
2006-03-21,60.41,89.62
2006-03-22,60.03,89.72
2006-03-23,62.13,90.46
2006-03-24,63.9,90.07
2006-03-27,63.75,90.07
2006-03-28,65.65,90.25
2006-03-29,66.0,90.25
2006-03-30,66.7,89.39
2006-03-31,66.25,89.73
2006-04-03,66.07,89.63
2006-04-04,65.75,88.83
2006-04-05,66.76,88.63
2006-04-06,67.22,88.96
2006-04-07,67.02,89.63
2006-04-10,68.29,89.72
2006-04-11,69.03,89.44
2006-04-12,68.53,89.62
2006-04-13,69.53,89.62
2006-04-17,70.3,88.64
2006-04-18,71.28,88.24
2006-04-19,72.07,87.79
2006-04-20,71.96,88.25
2006-04-21,73.73,88.05
2006-04-24,70.19,87.45
2006-04-25,67.43,87.32
2006-04-26,71.71,87.22
2006-04-27,70.76,86.63
2006-04-28,71.8,86.11
2006-05-01,73.75,85.97
2006-05-02,74.62,85.79
2006-05-03,72.26,85.84
2006-05-04,69.98,85.84
2006-05-05,70.09,85.12
2006-05-08,69.75,85.23
2006-05-09,70.71,84.83
2006-05-10,72.15,84.5
2006-05-11,73.0,84.27
2006-05-12,71.87,83.96
2006-05-15,69.25,84.54
2006-05-16,69.4,84.17
2006-05-17,68.65,84.85
2006-05-18,69.63,84.51
2006-05-19,68.44,84.88
2006-05-22,69.23,84.35
2006-05-23,70.78,84.35
2006-05-24,69.47,84.95
2006-05-25,70.92,84.65
2006-05-26,71.35,85.26
2006-05-29,71.6,84.77000000000001
2006-05-30,71.85,84.28
2006-05-31,71.42,84.72
2006-06-01,70.11,84.79
2006-06-02,72.73,84.05
2006-06-05,72.5,84.14
2006-06-06,72.43,84.73
2006-06-07,70.9,84.99
2006-06-08,70.25,85.91
2006-06-09,71.62,85.72
2006-06-12,70.28,85.85
2006-06-13,68.48,86.43
2006-06-14,69.12,86.14
2006-06-15,69.78,86.02
2006-06-16,69.75,85.92
2006-06-19,69.21,86.31
2006-06-20,69.3,86.18
2006-06-21,70.07,85.78
2006-06-22,70.62,86.39
2006-06-23,70.5,86.82
2006-06-26,71.63,86.49
2006-06-27,72.05,86.47
2006-06-28,72.15,86.63
2006-06-29,73.5,85.87
2006-06-30,73.94,85.22
2006-07-03,74.36,85.18
2006-07-04,74.78,85.39
2006-07-05,75.2,85.6
2006-07-06,75.0,85.35
2006-07-07,73.76,84.98
2006-07-10,73.5,85.5
2006-07-11,74.05,85.36
2006-07-12,74.99,85.91
2006-07-13,76.7,85.79
2006-07-14,76.8,86.09
2006-07-17,75.7,86.96
2006-07-18,73.87,87.01
2006-07-19,72.79,86.46
2006-07-20,74.0,86.22
2006-07-21,73.52,85.93
2006-07-24,74.29,86.34
2006-07-25,73.46,86.64
2006-07-26,73.82,85.93
2006-07-27,74.5,85.87
2006-07-28,73.3,85.44
2006-07-31,74.56,85.3
2006-08-01,74.93,85.05
2006-08-02,76.16,85.05
2006-08-03,75.59,85.02
2006-08-04,74.78,84.57
2006-08-07,77.05,84.75
2006-08-08,76.29,84.66
2006-08-09,76.28,84.71
2006-08-10,74.17,85.08
2006-08-11,74.38,85.52
2006-08-14,73.33,85.64
2006-08-15,72.95,85.22
2006-08-16,71.64,84.88
2006-08-17,70.12,85.04
2006-08-18,70.93,85.09
2006-08-21,72.45,84.63
2006-08-22,72.55,85.18
2006-08-23,71.45,85.13
2006-08-24,72.02,85.28
2006-08-25,72.13,85.38
2006-08-28,70.47,85.23
2006-08-29,69.74,84.91
2006-08-30,70.2,84.97
2006-08-31,70.38,85.05
2006-09-01,69.24,84.94
2006-09-04,68.97,84.97
2006-09-05,68.7,85.0
2006-09-06,67.75,85.1
2006-09-07,67.37,85.53
2006-09-08,66.3,85.95
2006-09-11,65.42,85.92
2006-09-12,63.81,85.92
2006-09-13,64.09,85.87
2006-09-14,63.27,85.66
2006-09-15,63.3,85.99
2006-09-18,63.84,85.81
2006-09-19,61.77,85.94
2006-09-20,60.0,85.81
2006-09-21,61.62,85.18
2006-09-22,59.79,85.2
2006-09-25,60.74,85.29
2006-09-26,60.63,85.63
2006-09-27,62.96,85.66
2006-09-28,62.46,85.72
2006-09-29,62.9,85.97
2006-10-02,60.96,85.59
2006-10-03,58.64,85.71
2006-10-04,59.53,85.84
2006-10-05,60.02,85.92
2006-10-06,59.68,86.44
2006-10-09,59.93,86.52
2006-10-10,58.5,87.02
2006-10-11,57.56,87.12
2006-10-12,58.23,86.92
2006-10-13,58.69,87.12
2006-10-16,59.91,87.0
2006-10-17,58.91,86.87
2006-10-18,57.66,86.88
2006-10-19,58.55,86.24
2006-10-20,57.35,86.27
2006-10-23,56.74,86.71
2006-10-24,57.55,86.63
2006-10-25,59.09,86.38
2006-10-26,60.27,85.89
2006-10-27,60.75,85.56
2006-10-30,58.41,85.59
2006-10-31,58.72,85.32
2006-11-01,58.64,85.32
2006-11-02,57.87,85.34
2006-11-03,59.13,85.71
2006-11-06,60.11,85.75
2006-11-07,58.94,85.43
2006-11-08,59.93,85.41
2006-11-09,61.18,85.18
2006-11-10,59.66,85.05
2006-11-13,58.59,85.36
2006-11-14,58.28,85.24
2006-11-15,58.79,85.34
2006-11-16,56.23,85.5
2006-11-17,55.9,85.37
2006-11-20,56.42,85.42
2006-11-21,58.01,85.24
2006-11-22,57.28,84.65
2006-11-23,58.28666666666667,84.48
2006-11-24,59.29333333333333,83.71
2006-11-27,60.3,83.51
2006-11-28,60.97,83.21
2006-11-29,62.45,83.44
2006-11-30,62.97,82.92
2006-12-01,63.43,82.48
2006-12-04,62.39,82.49
2006-12-05,62.4,82.45
2006-12-06,62.2,82.77
2006-12-07,62.54,82.8
2006-12-08,62.06,83.33
2006-12-11,61.26,83.12
2006-12-12,61.06,82.97
2006-12-13,61.34,82.97
2006-12-14,62.48,83.65
2006-12-15,63.4,84.06
2006-12-18,62.19,83.98
2006-12-19,62.87,83.46
2006-12-20,63.08,83.52
2006-12-21,62.05,83.57
2006-12-22,61.81,83.94
2006-12-26,61.07,84.07
2006-12-27,60.31,83.94
2006-12-28,60.39,83.82
2006-12-29,60.85,83.72
2007-01-02,60.77,83.2
2007-01-03,58.31,83.92
2007-01-04,55.65,84.32
2007-01-05,56.29,84.63
2007-01-08,56.08,84.6
2007-01-09,55.65,84.74
2007-01-10,53.95,85.08
2007-01-11,51.91,85.31
2007-01-12,52.96,85.03
2007-01-16,51.23,85.05
2007-01-17,52.3,84.98
2007-01-18,50.51,84.91
2007-01-19,51.98,84.86
2007-01-22,51.11,85.02
2007-01-23,53.61,84.67
2007-01-24,54.24,84.94
2007-01-25,53.49,85.11
2007-01-26,55.38,85.28
2007-01-29,54.01,85.1
2007-01-30,57.03,85.03
2007-01-31,58.17,84.61
2007-02-01,57.35,84.63
2007-02-02,59.01,84.96
2007-02-05,58.69,85.08
2007-02-06,58.91,84.78
2007-02-07,57.75,84.75
2007-02-08,59.76,84.7
2007-02-09,59.86,84.87
2007-02-12,57.76,85.15
2007-02-13,58.98,84.73
2007-02-14,58.0,84.2
2007-02-15,57.92,84.01
2007-02-16,59.38,84.09
2007-02-20,58.32,84.19
2007-02-21,59.4,84.21
2007-02-22,60.28,84.32
2007-02-23,60.28,84.07
2007-02-26,61.41,83.93
2007-02-27,61.46,83.48
2007-02-28,61.78,83.57
2007-03-01,61.97,83.68
2007-03-02,61.58,83.74
2007-03-05,60.05,84.15
2007-03-06,60.66,84.07
2007-03-07,61.85,83.78
2007-03-08,61.63,84.1
2007-03-09,60.06,84.24
2007-03-12,58.94,83.86
2007-03-13,58.03,83.73
2007-03-14,58.15,83.61
2007-03-15,57.52,83.68
2007-03-16,57.06,83.23
2007-03-19,56.65,83.39
2007-03-20,56.41,83.11
2007-03-21,56.98,82.77
2007-03-22,60.21,83.09
2007-03-23,61.07,83.28
2007-03-26,61.77,83.08
2007-03-27,62.98,83.01
2007-03-28,64.11,83.03
2007-03-29,66.1,83.09
2007-03-30,65.94,82.93
2007-04-02,66.03,82.87
2007-04-03,64.59,83.15
2007-04-04,64.4,82.96
2007-04-05,64.26,82.68
2007-04-09,61.51,83.1
2007-04-10,61.92,82.7
2007-04-11,61.98,82.67
2007-04-12,63.87,82.37
2007-04-13,63.63,82.13
2007-04-16,63.63,82.07
2007-04-17,63.14,81.83
2007-04-18,63.14,81.74
2007-04-19,61.81,81.64
2007-04-20,63.56,81.64
2007-04-23,65.33,81.74
2007-04-24,64.1,81.55
2007-04-25,65.33,81.43
2007-04-26,65.08,81.75
2007-04-27,66.45,81.53
2007-04-30,65.78,81.45
2007-05-01,64.43,81.59
2007-05-02,63.78,81.74
2007-05-03,63.23,81.95
2007-05-04,61.89,81.74
2007-05-07,61.48,81.68
2007-05-08,62.26,81.94
2007-05-09,61.54,82.02
2007-05-10,61.85,82.29
2007-05-11,62.35,82.12
2007-05-14,62.55,82.07
2007-05-15,63.16,81.75
2007-05-16,62.57,82.16
2007-05-17,64.83,82.32
2007-05-18,64.93,82.2
2007-05-21,66.25,82.36
2007-05-22,64.91,82.39
2007-05-23,65.1,82.31
2007-05-24,63.62,82.41
2007-05-25,64.59,82.33
2007-05-29,63.19,82.31
2007-05-30,63.47,82.43
2007-05-31,64.02,82.3
2007-06-01,65.09,82.32
2007-06-04,66.17,82.06
2007-06-05,65.63,81.89
2007-06-06,65.97,81.9
2007-06-07,66.93,82.29
2007-06-08,64.78,82.69
2007-06-11,65.93,82.71
2007-06-12,65.36,82.89
2007-06-13,66.17,83.03
2007-06-14,67.62,83.13
2007-06-15,68.04,82.85
2007-06-18,69.06,82.72
2007-06-19,69.15,82.54
2007-06-20,68.5,82.52
2007-06-21,68.35,82.73
2007-06-22,68.85,82.34
2007-06-25,68.83,82.33
2007-06-26,67.78,82.3
2007-06-27,68.98,82.32
2007-06-28,69.61,82.33
2007-06-29,70.47,81.92
2007-07-02,71.11,81.39
2007-07-03,71.41,81.44
2007-07-05,71.81,81.54
2007-07-06,72.8,81.47
2007-07-09,72.14,81.43
2007-07-10,72.8,80.86
2007-07-11,72.58,80.73
2007-07-12,72.55,80.64
2007-07-13,73.89,80.58
2007-07-16,74.11,80.52
2007-07-17,74.03,80.54
2007-07-18,75.03,80.42
2007-07-19,75.9,80.42
2007-07-20,75.53,80.29
2007-07-23,74.65,80.35
2007-07-24,73.38,80.08
2007-07-25,75.74,80.65
2007-07-26,74.96,80.45
2007-07-27,77.03,80.95
2007-07-30,76.82,80.85
2007-07-31,78.2,80.77
2007-08-01,76.49,80.87
2007-08-02,76.84,80.71
2007-08-03,75.41,80.18
2007-08-06,72.03,80.25
2007-08-07,72.25,80.48
2007-08-08,72.23,80.34
2007-08-09,71.62,80.74
2007-08-10,71.49,80.68
2007-08-13,71.6,81.05
2007-08-14,72.4,81.49
2007-08-15,73.36,81.82
2007-08-16,70.99,81.73
2007-08-17,71.9,81.43
2007-08-20,71.12,81.4
2007-08-21,69.49,81.49
2007-08-22,69.3,81.25
2007-08-23,69.86,81.14
2007-08-24,71.17,80.67
2007-08-27,71.98,80.74
2007-08-28,71.79,80.76
2007-08-29,73.52,80.7
2007-08-30,73.37,80.79
2007-08-31,73.98,80.79
2007-09-04,75.07,80.88
2007-09-05,75.74,80.62
2007-09-06,76.34,80.47
2007-09-07,76.7,79.96
2007-09-10,77.53,79.82
2007-09-11,78.16,79.7
2007-09-12,79.85,79.36
2007-09-13,80.05,79.51
2007-09-14,79.14,79.62
2007-09-17,80.55,79.72
2007-09-18,81.51,79.21
2007-09-19,81.99,79.3
2007-09-20,83.85,78.58
2007-09-21,83.38,78.6
2007-09-24,82.51,78.53
2007-09-25,81.2,78.31
2007-09-26,80.31,78.49
2007-09-27,82.86,78.34
2007-09-28,81.64,77.72
2007-10-01,80.31,77.9
2007-10-02,80.0,78.3
2007-10-03,79.97,78.57
2007-10-04,81.48,78.48
2007-10-05,81.2,78.31
2007-10-08,78.97,78.67
2007-10-09,80.23,78.53
2007-10-10,81.3,78.38
2007-10-11,83.05,78.08
2007-10-12,83.73,78.22
2007-10-15,86.19,78.09
2007-10-16,87.58,78.25
2007-10-17,87.19,78.12
2007-10-18,89.48,77.59
2007-10-19,88.58,77.41
2007-10-22,87.6,78.06
2007-10-23,86.45,77.59
2007-10-24,88.3,77.55
2007-10-25,92.09,77.28
2007-10-26,91.73,77.03
2007-10-29,93.45,76.84
2007-10-30,90.33,76.77
2007-10-31,94.16,76.48
2007-11-01,93.53,76.59
2007-11-02,95.81,76.34
2007-11-05,94.06,76.42
2007-11-06,96.65,76.04
2007-11-07,96.46,75.41
2007-11-08,95.51,75.46
2007-11-09,96.36,75.4
2007-11-12,94.4,75.9
2007-11-13,91.18,75.88
2007-11-14,94.02,75.81
2007-11-15,93.37,76.07
2007-11-16,94.81,75.83
2007-11-19,95.75,75.78
2007-11-20,99.16,75.2
2007-11-21,98.57,75.07
2007-11-23,98.24,75.05
2007-11-26,97.66,74.86
2007-11-27,94.39,75.1
2007-11-28,90.71,75.08
2007-11-29,90.98,75.59
2007-11-30,88.6,76.15
2007-12-03,89.29,75.94
2007-12-04,88.31,75.69
2007-12-05,87.45,76.41
2007-12-06,90.25,76.38
2007-12-07,88.23,76.29
2007-12-10,87.72,76.06
2007-12-11,90.12,76.22
2007-12-12,94.41,76.14
2007-12-13,92.35,76.56
2007-12-14,91.31,77.44
2007-12-17,90.69,77.4
2007-12-18,89.93,77.41
2007-12-19,91.11,77.59
2007-12-20,90.88,77.79
2007-12-21,93.19,77.72
2007-12-24,94.0,77.57
2007-12-26,95.89,77.15
2007-12-27,96.63,76.61
2007-12-28,96.03,76.22
2007-12-31,95.95,76.69
2008-01-02,99.64,75.97
2008-01-03,99.17,75.89
2008-01-04,97.9,75.79
2008-01-07,95.08,76.17
2008-01-08,96.43,76.11
2008-01-09,95.64,76.42
2008-01-10,93.92,75.93
2008-01-11,92.74,75.98
2008-01-14,94.23,75.61
2008-01-15,91.87,75.57
2008-01-16,90.8,76.26
2008-01-17,90.11,76.17
2008-01-18,90.55,76.38
2008-01-22,89.64,76.35
2008-01-23,87.65,76.4
2008-01-24,89.98,75.69
2008-01-25,90.37,75.97
2008-01-28,90.99,75.58
2008-01-29,91.66,75.55
2008-01-30,92.34,75.03
2008-01-31,91.67,75.18
2008-02-01,89.03,75.44
2008-02-04,90.07,75.37
2008-02-05,88.32,76.12
2008-02-06,87.16,76.14
2008-02-07,88.07,76.94
2008-02-08,91.77,76.67
2008-02-11,93.56,76.58
2008-02-12,92.82,76.31
2008-02-13,93.28,76.4
2008-02-14,95.42,76.16
2008-02-15,95.57,76.1
2008-02-19,99.99,76.0
2008-02-20,100.86,76.12
2008-02-21,98.57,75.6
2008-02-22,99.03,75.52
2008-02-25,99.4,75.53
2008-02-26,100.83,74.76
2008-02-27,99.59,74.21
2008-02-28,102.6,73.72
2008-02-29,101.78,73.71
2008-03-03,102.42,73.7
2008-03-04,99.72,73.66
2008-03-05,104.45,73.48
2008-03-06,105.51,73.0
2008-03-07,105.12,73.03
2008-03-10,107.9,72.99
2008-03-11,108.73,73.28
2008-03-12,109.86,72.4
2008-03-13,110.21,72.07
2008-03-14,110.03,71.66
2008-03-17,105.74,71.46
2008-03-18,109.57,71.57
2008-03-19,103.25,72.14
2008-03-20,102.57,72.75
2008-03-24,101.7,72.95
2008-03-25,101.78,72.28
2008-03-26,105.83,71.51
2008-03-27,107.56,71.66
2008-03-28,105.59,71.68
2008-03-31,101.54,71.8
2008-04-01,100.92,72.56
2008-04-02,104.83,72.26
2008-04-03,103.92,72.22
2008-04-04,106.09,72.02
2008-04-07,108.91,72.2
2008-04-08,108.54,72.23
2008-04-09,110.89,71.83
2008-04-10,110.07,72.12
2008-04-11,110.14,71.81
2008-04-14,111.71,71.88
2008-04-15,113.77,72.02
2008-04-16,114.8,71.41
2008-04-17,114.8,71.68
2008-04-18,116.56,72.01
2008-04-21,117.48,71.65
2008-04-22,119.17,71.33
2008-04-23,119.28,71.82
2008-04-24,117.1,72.53
2008-04-25,119.64,72.79
2008-04-28,118.78,72.79
2008-04-29,115.67,72.89
2008-04-30,113.7,72.51
2008-05-01,112.6,73.28
2008-05-02,116.36,73.5
2008-05-05,119.94,73.19
2008-05-06,121.82,73.0
2008-05-07,123.56,73.51
2008-05-08,123.77,73.48
2008-05-09,125.94,73.05
2008-05-12,124.02,72.95
2008-05-13,125.83,73.27
2008-05-14,124.21,73.4
2008-05-15,124.25,73.35
2008-05-16,126.5,72.84
2008-05-19,127.15,73.05
2008-05-20,128.93,72.41
2008-05-21,132.99,71.94
2008-05-22,130.04,72.28
2008-05-23,131.58,71.89
2008-05-27,128.81,72.34
2008-05-28,131.0,72.55
2008-05-29,126.7,73.02
2008-05-30,127.35,72.88
2008-06-02,127.75,72.93
2008-06-03,124.33,73.24
2008-06-04,122.3,73.42
2008-06-05,127.93,73.04
2008-06-06,138.51,72.39
2008-06-09,134.44,72.85
2008-06-10,131.38,73.7
2008-06-11,136.43,73.21
2008-06-12,136.91,73.86
2008-06-13,134.84,74.15
2008-06-16,134.52,73.61
2008-06-17,133.99,73.51
2008-06-18,136.54,73.44
2008-06-19,131.88,73.48
2008-06-20,134.78,73.03
2008-06-23,135.98,73.43
2008-06-24,136.49,73.24
2008-06-25,133.92,72.93
2008-06-26,138.91,72.49
2008-06-27,139.69,72.36
2008-06-30,139.96,72.46
2008-07-01,141.06,72.37
2008-07-02,143.74,72.03
2008-07-03,145.31,72.74
2008-07-07,141.38,72.67
2008-07-08,136.06,73.01
2008-07-09,135.88,72.58
2008-07-10,141.47,72.49
2008-07-11,144.96,72.1
2008-07-14,145.16,71.92
2008-07-15,138.68,71.87
2008-07-16,134.63,72.06
2008-07-17,129.43,72.24
2008-07-18,128.94,72.19
2008-07-21,131.43,71.99
2008-07-22,127.25,72.45
2008-07-23,123.73,72.81
2008-07-24,124.62,72.93
2008-07-25,122.59,72.86
2008-07-28,124.72,72.65
2008-07-29,122.21,73.31
2008-07-30,126.74,73.32
2008-07-31,124.17,73.23
2008-08-01,125.03,73.42
2008-08-04,121.45,73.46
2008-08-05,118.71,73.88
2008-08-06,118.57,74.24
2008-08-07,119.84,74.55
2008-08-08,115.42,75.84
2008-08-11,114.44,76.12
2008-08-12,113.1,76.15
2008-08-13,115.96,76.21
2008-08-14,115.05,76.67
2008-08-15,113.46,77.18
2008-08-18,112.92,77.12
2008-08-19,114.39,76.84
2008-08-20,115.48,76.96
2008-08-21,121.23,76.2
2008-08-22,114.48,76.81
2008-08-25,114.85,76.79
2008-08-26,116.31,77.25
2008-08-27,118.17,77.05
2008-08-28,115.58,77.15
2008-08-29,115.55,77.38
2008-09-02,109.63,78.06
2008-09-03,109.38,78.09
2008-09-04,107.99,78.61
2008-09-05,106.47,78.93
2008-09-08,106.35,79.59
2008-09-09,103.23,79.25
2008-09-10,102.66,79.84
2008-09-11,100.95,80.15
2008-09-12,101.19,78.97
2008-09-15,95.52,78.91
2008-09-16,91.49,79.07
2008-09-17,97.39,78.09
2008-09-18,97.5,78.02
2008-09-19,104.05,77.68
2008-09-22,122.61,76.15
2008-09-23,107.85,76.47
2008-09-24,106.84,76.79
2008-09-25,111.54,76.99
2008-09-26,106.77,76.95
2008-09-29,96.29,77.47
2008-09-30,100.7,79.45
2008-10-01,98.23,79.46
2008-10-02,93.84,80.44
2008-10-03,93.91,80.31
2008-10-06,88.15,81.67
2008-10-07,90.18,80.97
2008-10-08,88.94,80.91
2008-10-09,86.5,81.16
2008-10-10,77.44,83.0
2008-10-13,81.17,81.88
2008-10-14,78.69,81.36
2008-10-15,74.38,82.05
2008-10-16,69.81,82.45
2008-10-17,71.9,82.41
2008-10-20,74.08,83.1
2008-10-21,71.29,83.99
2008-10-22,66.92,85.37
2008-10-23,67.17,85.36
2008-10-24,63.34,86.44
2008-10-27,61.92,86.93
2008-10-28,62.8,87.03
2008-10-29,67.45,85.07
2008-10-30,65.79,84.56
2008-10-31,68.1,85.63
2008-11-03,63.93,86.35
2008-11-04,70.41,84.78
2008-11-05,65.41,84.61
2008-11-06,60.72,85.89
2008-11-07,61.06,85.91
2008-11-10,62.19,85.91
2008-11-11,59.38,87.08
2008-11-12,55.95,87.47
2008-11-13,58.31,86.94
2008-11-14,57.18,86.36
2008-11-17,55.14,86.81
2008-11-18,54.42,87.37
2008-11-19,53.64,87.31
2008-11-20,48.86,87.97
2008-11-21,49.22,88.19
2008-11-24,53.63,86.08
2008-11-25,50.02,85.0
2008-11-26,54.2,85.67
2008-11-28,55.21,86.52
2008-12-01,49.34,86.72
2008-12-02,47.05,86.7
2008-12-03,46.79,87.03
2008-12-04,43.8,86.44
2008-12-05,41.01,87.12
2008-12-08,43.69,85.56
2008-12-09,42.0,85.8
2008-12-10,43.1,85.47
2008-12-11,47.77,83.66
2008-12-12,46.27,83.71
2008-12-15,44.61,82.1
2008-12-16,43.84,80.2
2008-12-17,40.17,78.58
2008-12-18,36.73,79.7
2008-12-19,33.17,81.07
2008-12-22,31.1,81.19
2008-12-23,30.28,81.44
2008-12-24,32.94,81.0
2008-12-26,37.58,80.97
2008-12-29,39.89,81.43
2008-12-30,38.95,80.63
2008-12-31,44.6,81.15
2009-01-02,46.17,81.5
2009-01-05,48.61,82.58
2009-01-06,48.56,82.83
2009-01-07,42.75,82.1
2009-01-08,41.68,81.57
2009-01-09,40.69,82.48
2009-01-12,37.65,83.25
2009-01-13,37.77,84.26
2009-01-14,37.43,84.36
2009-01-15,35.41,84.53
2009-01-16,35.38,84.05
2009-01-20,38.57,86.38
2009-01-21,42.56,85.32
2009-01-22,42.33,85.48
2009-01-23,45.12,85.58
2009-01-26,46.5,84.39
2009-01-27,41.67,84.4
2009-01-28,42.04,84.59
2009-01-29,41.58,85.49
2009-01-30,41.73,85.83
2009-02-02,41.35,86.11
2009-02-03,40.87,85.0
2009-02-04,40.27,85.77
2009-02-05,41.15,86.06
2009-02-06,40.24,85.29
2009-02-09,39.58,84.88
2009-02-10,37.54,85.57
2009-02-11,35.93,85.84
2009-02-12,34.03,85.94
2009-02-13,37.63,86.09
2009-02-17,34.96,87.77
2009-02-18,34.67,88.03
2009-02-19,39.6,87.44
2009-02-20,39.35,86.59
2009-02-23,37.66,87.26
2009-02-24,38.86,86.78
2009-02-25,41.64,87.84
2009-02-26,43.18,87.84
2009-02-27,44.15,88.17
2009-03-02,40.07,89.03
2009-03-03,41.57,89.19
2009-03-04,45.28,88.49
2009-03-05,43.54,89.08
2009-03-06,45.43,88.55
2009-03-09,47.01,89.29
2009-03-10,45.68,88.52
2009-03-11,42.46,87.67
2009-03-12,46.91,87.48
2009-03-13,46.22,87.25
2009-03-16,47.33,86.97
2009-03-17,48.97,86.81
2009-03-18,48.12,84.19
2009-03-19,51.46,83.07
2009-03-20,51.55,83.71
2009-03-23,53.05,83.47
2009-03-24,53.36,84.1
2009-03-25,52.24,83.7
2009-03-26,53.87,84.08
2009-03-27,52.41,85.14
2009-03-30,48.49,85.75
2009-03-31,49.64,85.51
2009-04-01,48.46,85.42
2009-04-02,52.61,84.32
2009-04-03,52.52,84.18
2009-04-06,51.1,84.75
2009-04-07,49.13,85.22
2009-04-08,49.37,85.23
2009-04-09,52.24,85.64
2009-04-13,50.22,84.61
2009-04-14,49.51,84.8
2009-04-15,49.26,84.93
2009-04-16,49.97,85.2
2009-04-17,50.36,85.9
2009-04-20,45.82,86.66
2009-04-21,46.65,86.5
2009-04-22,47.41,86.3
2009-04-23,48.46,85.4
2009-04-24,50.65,84.72
2009-04-27,49.29,85.67
2009-04-28,49.01,85.17
2009-04-29,50.19,84.64
2009-04-30,50.35,84.82
2009-05-01,52.18,84.54
2009-05-04,54.45,83.66
2009-05-05,53.81,84.14
2009-05-06,56.29,84.0
2009-05-07,56.67,83.88
2009-05-08,58.58,82.44
2009-05-11,57.79,82.84
2009-05-12,58.81,82.3
2009-05-13,58.0,82.57
2009-05-14,58.58,82.44
2009-05-15,56.52,82.95
2009-05-18,58.99,82.54
2009-05-19,59.52,82.1
2009-05-20,61.45,81.19
2009-05-21,60.49,80.47
2009-05-22,61.15,80.04
2009-05-26,62.48,80.09
2009-05-27,63.41,80.76
2009-05-28,65.09,80.53
2009-05-29,66.31,79.23
2009-06-01,68.59,79.18
2009-06-02,68.58,78.48
2009-06-03,66.14,79.49
2009-06-04,68.8,79.47
2009-06-05,68.43,80.67
2009-06-08,68.05,80.83
2009-06-09,70.02,79.84
2009-06-10,71.38,80.27
2009-06-11,72.69,79.56
2009-06-12,72.13,80.13
2009-06-15,70.54,81.16
2009-06-16,70.47,80.74
2009-06-17,71.07,80.26
2009-06-18,71.42,80.57
2009-06-19,69.6,80.33
2009-06-22,67.09,80.84
2009-06-23,68.81,79.85
2009-06-24,68.14,80.54
2009-06-25,69.7,80.37
2009-06-26,69.16,79.9
2009-06-29,71.47,79.91
2009-06-30,69.82,80.16
2009-07-01,69.32,79.67
2009-07-02,66.68,80.15
2009-07-06,64.06,80.38
2009-07-07,62.88,80.7
2009-07-08,60.15,80.63
2009-07-09,60.36,79.86
2009-07-10,59.93,80.23
2009-07-13,59.69,80.13
2009-07-14,59.62,80.18
2009-07-15,61.49,79.32
2009-07-16,62.07,79.22
2009-07-17,63.56,79.35
2009-07-20,63.93,78.91
2009-07-21,64.81,78.93
2009-07-22,64.58,78.71
2009-07-23,66.1,78.8
2009-07-24,66.96,78.75
2009-07-27,68.34,78.63
2009-07-28,67.24,78.85
2009-07-29,63.42,79.63
2009-07-30,66.9,79.28
2009-07-31,69.26,78.35
2009-08-03,71.59,77.64
2009-08-04,71.4,77.77
2009-08-05,71.97,77.52
2009-08-06,71.96,78.06
2009-08-07,70.97,78.97
2009-08-10,70.59,79.26
2009-08-11,69.46,79.18
2009-08-12,70.08,78.79
2009-08-13,70.57,78.49
2009-08-14,67.51,78.89
2009-08-17,66.72,79.29
2009-08-18,69.22,78.94
2009-08-19,72.54,78.47
2009-08-20,72.4,78.38
2009-08-21,73.12,78.04
2009-08-24,73.68,78.27
2009-08-25,71.6,78.24
2009-08-26,71.38,78.66
2009-08-27,72.49,78.01
2009-08-28,72.72,78.37
2009-08-31,69.97,78.17
2009-09-01,68.11,78.76
2009-09-02,68.03,78.38
2009-09-03,67.9,78.47
2009-09-04,67.95,78.14
2009-09-08,71.08,77.32
2009-09-09,71.27,77.09
2009-09-10,71.95,76.82
2009-09-11,69.34,76.61
2009-09-14,68.86,76.69
2009-09-15,70.81,76.54
2009-09-16,72.5,76.24
2009-09-17,72.48,76.19
2009-09-18,71.95,76.42
2009-09-21,69.74,76.78
2009-09-22,71.5,76.12
2009-09-23,68.74,76.05
2009-09-24,65.74,76.9
2009-09-25,65.91,76.81
2009-09-28,66.69,77.05
2009-09-29,66.56,77.12
2009-09-30,70.46,76.65
2009-10-01,70.67,77.19
2009-10-02,69.8,77.0
2009-10-05,70.26,76.64
2009-10-06,70.71,76.33
2009-10-07,69.6,76.49
2009-10-08,71.69,75.97
2009-10-09,71.75,76.43
2009-10-12,73.24,76.13
2009-10-13,74.1,75.98
2009-10-14,75.2,75.55
2009-10-15,77.55,75.48
2009-10-16,78.54,75.6
2009-10-19,79.47,75.51
2009-10-20,78.87,75.56
2009-10-21,81.03,74.97
2009-10-22,80.82,75.09
2009-10-23,80.11,75.47
2009-10-26,78.61,76.06
2009-10-27,79.45,76.14
2009-10-28,77.39,76.42
2009-10-29,79.84,75.92
2009-10-30,77.04,76.3
2009-11-02,78.08,76.29
2009-11-03,79.58,76.39
2009-11-04,80.3,75.64
2009-11-05,79.64,75.74
2009-11-06,77.4,75.82
2009-11-09,79.44,75.03
2009-11-10,79.01,75.02
2009-11-11,79.16,75.16
2009-11-12,77.25,75.6
2009-11-13,76.34,75.33
2009-11-16,78.91,74.91
2009-11-17,79.08,75.37
2009-11-18,79.55,75.19
2009-11-19,77.47,75.29
2009-11-20,76.83,75.66
2009-11-23,76.49,75.08
2009-11-24,74.88,75.07
2009-11-25,77.25,74.27
2009-11-27,75.95,75.0
2009-11-30,77.19,74.78
2009-12-01,78.39,74.36
2009-12-02,76.62,74.67
2009-12-03,76.42,74.63
2009-12-04,75.41,75.91
2009-12-07,73.89,75.77
2009-12-08,72.59,76.31
2009-12-09,70.67,76.04
2009-12-10,70.54,76.05
2009-12-11,69.86,76.57
2009-12-14,69.48,76.35
2009-12-15,70.62,76.96
2009-12-16,72.64,77.0
2009-12-17,72.58,77.69
2009-12-18,73.3,77.82
2009-12-21,72.71,78.04
2009-12-22,73.48,78.25
2009-12-23,76.03,77.9
2009-12-24,76.83,77.84
2009-12-28,78.67,77.63
2009-12-29,78.87,77.83
2009-12-30,79.35,77.91
2009-12-31,79.39,77.86
2010-01-04,81.52,77.53
2010-01-05,81.74,77.62
2010-01-06,83.12,77.49
2010-01-07,82.6,77.91
2010-01-08,82.74,77.47
2010-01-11,82.54,77.0
2010-01-12,80.79,76.95
2010-01-13,79.66,76.85
2010-01-14,79.35,76.73
2010-01-15,77.96,77.32
2010-01-19,78.98,77.5
2010-01-20,77.42,78.34
2010-01-21,75.84,78.32
2010-01-22,74.25,78.28
2010-01-25,74.9,78.19
2010-01-26,74.67,78.43
2010-01-27,73.64,78.67
2010-01-28,73.62,78.9
2010-01-29,72.85,79.46
2010-02-01,74.41,79.24
2010-02-02,77.21,79.01
2010-02-03,76.96,79.37
2010-02-04,73.13,79.92
2010-02-05,71.15,80.44
2010-02-08,71.87,80.3
2010-02-09,73.71,79.86
2010-02-10,74.48,80.03
2010-02-11,75.23,79.99
2010-02-12,74.11,80.32
2010-02-16,76.98,79.7
2010-02-17,77.27,80.38
2010-02-18,78.97,80.4
2010-02-19,79.77,80.64
2010-02-22,80.04,80.51
2010-02-23,78.61,80.85
2010-02-24,79.75,80.85
2010-02-25,77.99,80.79
2010-02-26,79.72,80.36
2010-03-01,78.71,80.66
2010-03-02,79.62,80.52
2010-03-03,80.91,79.98
2010-03-04,80.21,80.56
2010-03-05,81.5,80.43
2010-03-08,81.85,80.43
2010-03-09,81.5,80.59
2010-03-10,82.07,80.44
2010-03-11,82.1,80.32
2010-03-12,81.26,79.83
2010-03-15,79.79,80.25
2010-03-16,81.75,79.75
2010-03-17,82.93,79.64
2010-03-18,82.16,80.22
2010-03-19,80.58,80.72
2010-03-22,81.26,80.65
2010-03-23,81.68,80.9
2010-03-24,80.29,81.84
2010-03-25,80.25,82.12
2010-03-26,79.75,81.68
2010-03-29,81.92,81.36
2010-03-30,82.14,81.47
2010-03-31,83.45,81.07
2010-04-01,84.53,80.78
2010-04-05,86.36,81.09
2010-04-06,86.54,81.39
2010-04-07,85.64,81.44
2010-04-08,85.17,81.53
2010-04-09,84.6,81.09
2010-04-12,84.07,80.56
2010-04-13,83.8,80.51
2010-04-14,85.62,80.19
2010-04-15,85.25,80.48
2010-04-16,82.97,80.82
2010-04-19,81.52,81.0
2010-04-20,82.98,81.05
2010-04-21,82.78,81.16
2010-04-22,82.89,81.57
2010-04-23,84.34,81.35
2010-04-26,84.2,81.48
2010-04-27,82.43,82.15
2010-04-28,83.22,82.38
2010-04-29,85.17,82.0
2010-04-30,86.07,81.87
2010-05-03,86.19,82.27
2010-05-04,82.73,83.3
2010-05-05,80.0,84.08
2010-05-06,77.18,84.89
2010-05-07,75.1,84.45
2010-05-10,76.89,84.16
2010-05-11,76.37,84.47
2010-05-12,75.65,84.83
2010-05-13,74.38,85.21
2010-05-14,71.61,86.09
2010-05-17,70.08,86.2
2010-05-18,69.38,87.16
2010-05-19,69.91,86.39
2010-05-20,68.28,85.56
2010-05-21,68.03,85.37
2010-05-24,68.23,86.21
2010-05-25,64.78,86.78
2010-05-26,71.52,87.12
2010-05-27,74.56,86.19
2010-05-28,74.0,86.48
2010-06-01,72.7,86.64
2010-06-02,72.88,86.79
2010-06-03,74.62,87.14
2010-06-04,71.43,88.23
2010-06-07,71.55,88.41
2010-06-08,71.88,88.39
2010-06-09,74.38,87.9
2010-06-10,75.48,87.17
2010-06-11,73.89,87.51
2010-06-14,74.99,86.51
2010-06-15,76.84,85.98
2010-06-16,77.67,86.08
2010-06-17,76.82,85.69
2010-06-18,77.18,85.7
2010-06-21,77.84,85.93
2010-06-22,77.15,86.11
2010-06-23,75.9,85.74
2010-06-24,75.96,85.73
2010-06-25,78.45,85.31
2010-06-28,78.26,85.65
2010-06-29,75.93,86.03
2010-06-30,75.59,86.02
2010-07-01,72.95,84.72
2010-07-02,72.06,84.43
2010-07-06,71.96,84.08
2010-07-07,74.05,83.82
2010-07-08,75.46,83.82
2010-07-09,76.08,83.95
2010-07-12,74.93,84.2
2010-07-13,77.16,83.64
2010-07-14,77.02,83.43
2010-07-15,76.67,82.56
2010-07-16,75.96,82.49
2010-07-19,76.53,82.51
2010-07-20,77.32,82.75
2010-07-21,76.27,83.39
2010-07-22,79.01,82.59
2010-07-23,78.68,82.46
2010-07-26,78.93,82.09
2010-07-27,77.46,82.19
2010-07-28,77.06,82.18
2010-07-29,78.3,81.64
2010-07-30,78.85,81.54
2010-08-02,81.25,80.94
2010-08-03,82.52,80.6
2010-08-04,82.49,80.89
2010-08-05,82.0,80.83
2010-08-06,80.67,80.41
2010-08-09,81.46,80.71
2010-08-10,80.24,80.8
2010-08-11,78.09,82.29
2010-08-12,75.68,82.64
2010-08-13,75.39,82.95
2010-08-16,75.17,82.53
2010-08-17,75.76,82.23
2010-08-18,75.39,82.22
2010-08-19,74.45,82.45
2010-08-20,73.45,83.06
2010-08-23,72.71,83.12
2010-08-24,71.24,83.15
2010-08-25,72.07,83.26
2010-08-26,73.36,82.93
2010-08-27,75.17,82.92
2010-08-30,74.69,83.16
2010-08-31,71.93,83.2
2010-09-01,73.97,82.52
2010-09-02,74.99,82.46
2010-09-03,74.52,82.1
2010-09-07,73.98,82.82
2010-09-08,74.65,82.58
2010-09-09,74.25,82.67
2010-09-10,76.4,82.7
2010-09-13,77.17,81.91
2010-09-14,76.78,81.08
2010-09-15,75.92,81.49
2010-09-16,74.58,81.24
2010-09-17,73.63,81.4
2010-09-20,74.81,81.33
2010-09-21,72.96,80.44
2010-09-22,72.98,79.83
2010-09-23,73.4,80.01
2010-09-24,74.63,79.39
2010-09-27,76.51,79.34
2010-09-28,76.15,79.01
2010-09-29,77.85,78.69
2010-09-30,79.95,78.72
2010-10-01,81.57,78.09
2010-10-04,81.43,78.45
2010-10-05,82.83,77.75
2010-10-06,83.21,77.39
2010-10-07,81.34,77.39
2010-10-08,82.66,77.33
2010-10-11,82.18,77.44
2010-10-12,81.67,77.36
2010-10-13,83.03,77.07
2010-10-14,82.71,76.65
2010-10-15,81.23,77.04
2010-10-18,83.06,76.93
2010-10-19,79.57,78.18
2010-10-20,81.93,77.17
2010-10-21,80.03,77.42
2010-10-22,81.15,77.47
2010-10-25,82.0,77.1
2010-10-26,82.6,77.71
2010-10-27,81.9,78.15
2010-10-28,82.2,77.31
2010-10-29,81.45,77.27
2010-11-01,82.94,77.3
2010-11-02,83.91,76.72
2010-11-03,84.45,76.48
2010-11-04,86.49,75.88
2010-11-05,86.85,76.55
2010-11-08,87.07,77.03
2010-11-09,87.04,77.44
2010-11-10,87.77,77.63
2010-11-11,87.77,78.22
2010-11-12,84.89,78.08
2010-11-15,84.88,78.52
2010-11-16,82.33,79.21
2010-11-17,80.43,79.08
2010-11-18,81.88,78.62
2010-11-19,81.65,78.5
2010-11-22,81.24,78.68
2010-11-23,80.79,79.68
2010-11-24,83.21,79.87
2010-11-26,83.87,80.36
2010-11-29,85.73,80.83
2010-11-30,84.12,81.19
2010-12-01,86.75,80.71
2010-12-02,87.98,80.3
2010-12-03,89.18,79.38
2010-12-06,89.33,79.57
2010-12-07,88.69,79.86
2010-12-08,88.3,80.0
2010-12-09,88.35,80.07
2010-12-10,87.81,80.07
2010-12-13,88.62,79.28
2010-12-14,88.33,79.37
2010-12-15,88.66,80.26
2010-12-16,87.71,80.18
2010-12-17,88.02,80.37
2010-12-20,88.68,80.63
2010-12-21,89.3,80.72
2010-12-22,89.83,80.73
2010-12-23,90.84,80.5
2010-12-27,90.99,80.37
2010-12-28,91.48,80.36
2010-12-29,91.13,79.8
2010-12-30,89.85,79.52
2010-12-31,91.38,79.03
2011-01-03,91.59,79.13
2011-01-04,89.39,79.44
2011-01-05,90.3,80.26
2011-01-06,88.37,80.79
2011-01-07,88.07,81.01
2011-01-10,89.24,80.88
2011-01-11,91.11,80.85
2011-01-12,91.85,80.03
2011-01-13,91.39,79.19
2011-01-14,91.53,79.16
2011-01-18,91.38,78.96
2011-01-19,90.85,78.64
2011-01-20,88.56,78.82
2011-01-21,88.22,78.21
2011-01-24,86.74,78.05
2011-01-25,85.08,78.0
2011-01-26,86.15,77.9
2011-01-27,84.45,77.73
2011-01-28,88.15,78.13
2011-01-31,90.99,77.73
2011-02-01,89.54,77.07
2011-02-02,89.78,77.16
2011-02-03,89.42,77.75
2011-02-04,87.87,78.04
2011-02-07,86.3,78.03
2011-02-08,85.85,78.0
2011-02-09,85.59,77.64
2011-02-10,85.44,78.25
2011-02-11,84.39,78.46
2011-02-14,83.66,78.61
2011-02-15,83.13,78.57
2011-02-16,83.8,78.22
2011-02-17,85.05,78.0
2011-02-18,85.03,77.66
2011-02-22,92.65,77.77
2011-02-23,96.04,77.41
2011-02-24,95.83,77.06
2011-02-25,96.52,77.28
2011-02-28,97.1,76.89
2011-03-01,99.63,77.05
2011-03-02,102.27,76.67
2011-03-03,101.92,76.48
2011-03-04,104.34,76.4
2011-03-07,105.37,76.5
2011-03-08,105.06,76.8
2011-03-09,104.39,76.72
2011-03-10,102.73,77.28
2011-03-11,101.14,76.78
2011-03-14,101.2,76.35
2011-03-15,97.23,76.33
2011-03-16,97.99,76.68
2011-03-17,101.47,76.04
2011-03-18,101.06,75.72
2011-03-21,102.36,75.4
2011-03-22,104.53,75.41
2011-03-23,105.21,75.79
2011-03-24,105.04,75.66
2011-03-25,104.89,76.22
2011-03-28,103.54,76.13
2011-03-29,104.34,76.25
2011-03-30,103.8,76.12
2011-03-31,106.19,75.86
2011-04-01,107.55,75.83
2011-04-04,108.14,75.91
2011-04-05,107.82,75.88
2011-04-06,108.38,75.51
2011-04-07,109.82,75.58
2011-04-08,112.27,75.07
2011-04-11,109.5,75.06
2011-04-12,105.75,74.85
2011-04-13,106.6,74.98
2011-04-14,107.73,74.69
2011-04-15,109.17,74.83
2011-04-18,106.7,75.5
2011-04-19,107.18,75.03
2011-04-20,110.84,74.37
2011-04-21,111.72,74.0
2011-04-25,111.68,73.99
2011-04-26,111.72,73.84
2011-04-27,112.31,73.52
2011-04-28,112.38,73.12
2011-04-29,113.39,72.93
2011-05-02,113.03,72.95
2011-05-03,110.6,73.14
2011-05-04,108.79,73.03
2011-05-05,99.89,74.19
2011-05-06,96.87,74.84
2011-05-09,100.32,74.74
2011-05-10,103.39,74.61
2011-05-11,97.88,75.33
2011-05-12,98.53,75.24
2011-05-13,99.21,75.76
2011-05-16,96.91,75.47
2011-05-17,96.4,75.4
2011-05-18,99.52,75.47
2011-05-19,97.99,75.12
2011-05-20,99.15,75.44
2011-05-23,97.06,76.1
2011-05-24,99.13,75.88
2011-05-25,100.78,75.93
2011-05-26,100.18,75.55
2011-05-27,100.58,74.95
2011-05-31,102.7,74.64
2011-06-01,100.3,74.68
2011-06-02,100.41,74.33
2011-06-03,100.28,73.78
2011-06-06,99.07,73.95
2011-06-07,99.18,73.52
2011-06-08,100.77,73.93
2011-06-09,101.95,74.19
2011-06-10,99.3,74.8
2011-06-13,97.2,74.51
2011-06-14,99.37,74.33
2011-06-15,94.83,75.6
2011-06-16,94.95,75.75
2011-06-17,93.02,74.99
2011-06-20,93.23,75.03
2011-06-21,93.7,74.54
2011-06-22,94.96,74.78
2011-06-23,90.7,75.45
2011-06-24,90.89,75.67
2011-06-27,90.65,75.39
2011-06-28,92.9,75.06
2011-06-29,94.85,74.69
2011-06-30,95.3,74.3
2011-07-01,94.81,74.35
2011-07-05,96.92,74.69
2011-07-06,96.67,75.12
2011-07-07,98.7,74.96
2011-07-08,96.2,75.18
2011-07-11,95.16,75.99
2011-07-12,97.41,75.81
2011-07-13,98.04,75.21
2011-07-14,95.75,75.25
2011-07-15,97.24,75.13
2011-07-18,95.94,75.48
2011-07-19,97.49,75.22
2011-07-20,98.11,74.79
2011-07-21,98.96,74.02
2011-07-22,99.53,74.2
2011-07-25,98.97,74.06
2011-07-26,99.61,73.47
2011-07-27,97.4,74.09
2011-07-28,97.48,74.22
2011-07-29,95.68,73.9
2011-08-01,94.98,74.26
2011-08-02,93.78,74.51
2011-08-03,91.87,74.04
2011-08-04,86.75,75.12
2011-08-05,86.89,74.6
2011-08-08,81.27,74.79
2011-08-09,79.32,74.61
2011-08-10,83.05,74.64
2011-08-11,85.48,74.68
2011-08-12,85.19,74.61
2011-08-15,87.88,73.84
2011-08-16,86.65,74.01
2011-08-17,87.58,73.67
2011-08-18,82.38,74.24
2011-08-19,82.33,74.01
2011-08-22,84.42,74.07
2011-08-23,85.35,73.89
2011-08-24,84.99,74.01
2011-08-25,85.15,74.28
2011-08-26,85.37,73.81
2011-08-29,87.27,73.72
2011-08-30,88.9,73.95
2011-08-31,88.81,74.12
2011-09-01,88.93,74.48
2011-09-02,86.45,74.76
2011-09-06,85.99,75.95
2011-09-07,89.34,75.47
2011-09-08,89.05,76.25
2011-09-09,87.24,77.19
2011-09-12,88.19,77.58
2011-09-13,90.21,76.92
2011-09-14,88.91,76.83
2011-09-15,89.4,76.24
2011-09-16,87.96,76.6
2011-09-19,85.7,77.15
2011-09-20,86.92,77.02
2011-09-21,85.77,77.34
2011-09-22,80.29,78.45
2011-09-23,79.58,78.5
2011-09-26,79.97,78.36
2011-09-27,84.18,77.51
2011-09-28,80.94,77.85
2011-09-29,81.87,78.03
2011-09-30,78.93,78.55
2011-10-03,77.34,79.43
2011-10-04,75.4,79.6
2011-10-05,79.41,78.92
2011-10-06,82.32,78.63
2011-10-07,82.7,78.73
2011-10-10,85.14,77.49
2011-10-11,85.54,77.58
2011-10-12,85.3,76.99
2011-10-13,83.96,77.0
2011-10-14,86.8,76.62
2011-10-17,86.38,77.15
2011-10-18,88.34,77.14
2011-10-19,86.11,77.11
2011-10-20,86.07,76.97
2011-10-21,87.19,76.39
2011-10-24,91.12,76.03
2011-10-25,92.98,76.12
2011-10-26,90.2,76.25
2011-10-27,93.96,74.88
2011-10-28,93.32,75.07
2011-10-31,93.19,76.17
2011-11-01,92.19,77.26
2011-11-02,92.51,77.02
2011-11-03,94.07,76.67
2011-11-04,94.26,76.96
2011-11-07,95.52,76.96
2011-11-08,96.8,76.59
2011-11-09,95.74,77.93
2011-11-10,97.78,77.74
2011-11-11,98.99,76.94
2011-11-14,98.14,77.57
2011-11-15,99.37,77.87
2011-11-16,102.59,78.02
2011-11-17,98.82,78.28
2011-11-18,97.67,78.06
2011-11-21,96.73,78.3
2011-11-22,97.76,78.27
2011-11-23,96.16,79.14
2011-11-25,96.91,79.69
2011-11-28,98.21,79.26
2011-11-29,99.79,79.01
2011-11-30,100.36,78.38
2011-12-01,100.2,78.33
2011-12-02,100.97,78.62
2011-12-05,100.94,78.57
2011-12-06,101.25,78.5
2011-12-07,100.45,78.48
2011-12-08,98.35,78.83
2011-12-09,99.4,78.63
2011-12-12,97.77,79.53
2011-12-13,100.24,80.24
2011-12-14,94.92,80.59
2011-12-15,93.84,80.32
2011-12-16,93.55,80.26
2011-12-19,93.86,80.25
2011-12-20,97.16,79.88
2011-12-21,98.54,80.02
2011-12-22,99.42,79.96
2011-12-23,99.72,79.93
2011-12-27,101.29,79.8
2011-12-28,99.44,80.5
2011-12-29,99.68,80.49
2011-12-30,98.83,80.18
2012-01-03,102.96,79.61
2012-01-04,103.22,80.13
2012-01-05,101.81,80.94
2012-01-06,101.56,81.25
2012-01-09,101.31,81.05
2012-01-10,102.24,80.81
2012-01-11,100.89,81.35
2012-01-12,99.03,80.77
2012-01-13,98.69,81.52
2012-01-17,100.7,81.18
2012-01-18,100.61,80.61
2012-01-19,100.32,80.22
2012-01-20,98.15,80.22
2012-01-23,99.47,79.78
2012-01-24,98.84,79.87
2012-01-25,99.23,79.58
2012-01-26,99.76,79.39
2012-01-27,99.47,78.9
2012-01-30,98.75,79.17
2012-01-31,98.46,79.29
2012-02-01,97.63,78.92
2012-02-02,96.36,78.99
2012-02-03,97.8,78.92
2012-02-06,96.89,79.07
2012-02-07,98.55,78.58
2012-02-08,98.8,78.64
2012-02-09,99.88,78.57
2012-02-10,98.68,79.11
2012-02-13,100.39,78.95
2012-02-14,100.82,79.58
2012-02-15,101.82,79.67
2012-02-16,102.33,79.35
2012-02-17,103.27,79.33
2012-02-21,105.88,79.04
2012-02-22,105.99,79.21
2012-02-23,107.44,78.82
2012-02-24,109.39,78.35
2012-02-27,108.49,78.57
2012-02-28,106.59,78.27
2012-02-29,107.08,78.74
2012-03-01,108.76,78.79
2012-03-02,106.68,79.4
2012-03-05,106.7,79.3
2012-03-06,104.71,79.87
2012-03-07,106.16,79.71
2012-03-08,106.65,79.14
2012-03-09,107.4,80.04
2012-03-12,106.34,79.89
2012-03-13,106.7,80.19
2012-03-14,105.49,80.56
2012-03-15,105.19,80.15
2012-03-16,107.03,79.79
2012-03-19,108.09,79.79
2012-03-20,105.68,79.59
2012-03-21,106.87,79.66
2012-03-22,104.98,79.74
2012-03-23,106.43,79.34
2012-03-26,107.07,78.98
2012-03-27,107.32,79.05
2012-03-28,105.4,79.13
2012-03-29,102.79,79.19
2012-03-30,103.03,79.0
2012-04-02,105.25,78.82
2012-04-03,104.02,79.48
2012-04-04,101.53,79.78
2012-04-05,103.29,80.08
2012-04-09,102.45,79.73
2012-04-10,101.12,79.89
2012-04-11,102.66,79.8
2012-04-12,103.69,79.28
2012-04-13,102.84,79.89
2012-04-16,102.92,79.56
2012-04-17,104.23,79.48
2012-04-18,102.65,79.54
2012-04-19,102.38,79.56
2012-04-20,103.58,79.19
2012-04-23,102.68,79.42
2012-04-24,103.1,79.22
2012-04-25,103.72,79.01
2012-04-26,104.56,78.92
2012-04-27,104.86,78.71
2012-04-30,104.89,78.78
2012-05-01,106.17,78.86
2012-05-02,105.25,79.13
2012-05-03,102.56,79.22
2012-05-04,98.49,79.5
2012-05-07,97.86,79.6
2012-05-08,97.13,79.74
2012-05-09,96.8,80.08
2012-05-10,97.1,80.11
2012-05-11,96.03,80.26
2012-05-14,94.75,80.61
2012-05-15,93.97,81.22
2012-05-16,92.78,81.37
2012-05-17,92.53,81.38
2012-05-18,91.51,81.29
2012-05-21,92.57,81.08
2012-05-22,91.44,81.49
2012-05-23,89.4,82.09
2012-05-24,90.36,82.35
2012-05-25,90.64,82.4
2012-05-29,90.75,82.48
2012-05-30,87.79,83.02
2012-05-31,86.52,83.04
2012-06-01,83.17,82.89
2012-06-04,83.95,82.56
2012-06-05,84.31,82.83
2012-06-06,85.05,82.32
2012-06-07,84.78,82.05
2012-06-08,84.08,82.51
2012-06-11,82.58,82.52
2012-06-12,83.35,82.42
2012-06-13,82.56,82.06
2012-06-14,83.83,81.99
2012-06-15,84.03,81.63
2012-06-18,83.26,81.95
2012-06-19,83.99,81.38
2012-06-20,81.06,81.58
2012-06-21,77.91,82.29
2012-06-22,79.33,82.26
2012-06-25,78.76,82.5
2012-06-26,79.34,82.37
2012-06-27,80.27,82.62
2012-06-28,77.72,82.81
2012-06-29,85.04,81.63
2012-07-02,83.72,81.87
2012-07-03,87.74,81.78
2012-07-05,87.11,82.81
2012-07-06,84.37,83.38
2012-07-09,85.93,83.16
2012-07-10,83.92,83.4
2012-07-11,85.88,83.57
2012-07-12,86.02,83.66
2012-07-13,87.15,83.35
2012-07-16,88.41,83.1
2012-07-17,89.07,83.03
2012-07-18,89.88,83.07
2012-07-19,92.78,82.88
2012-07-20,91.56,83.48
2012-07-23,87.77,83.71
2012-07-24,88.28,84.0
2012-07-25,88.8,83.52
2012-07-26,89.4,82.81
2012-07-27,90.13,82.71
2012-07-30,89.8,82.79
2012-07-31,88.08,82.64
2012-08-01,88.99,83.06
2012-08-02,87.22,83.36
2012-08-03,91.4,82.38
2012-08-06,92.3,82.27
2012-08-07,93.68,82.21
2012-08-08,93.39,82.39
2012-08-09,93.39,82.64
2012-08-10,92.94,82.55
2012-08-13,92.76,82.44
2012-08-14,93.4,82.48
2012-08-15,94.35,82.64
2012-08-16,95.66,82.36
2012-08-17,96.0,82.6
2012-08-20,96.03,82.46
2012-08-21,96.55,81.91
2012-08-22,96.89,81.49
2012-08-23,95.87,81.36
2012-08-24,95.78,81.59
2012-08-27,95.54,81.66
2012-08-28,96.3,81.37
2012-08-29,95.5,81.55
2012-08-30,94.61,81.69
2012-08-31,96.47,81.21
2012-09-04,95.34,81.31
2012-09-05,95.37,81.23
2012-09-06,95.58,81.04
2012-09-07,96.41,80.25
2012-09-10,96.52,80.25
2012-09-11,97.03,79.86
2012-09-12,97.02,79.74
2012-09-13,98.3,79.26
2012-09-14,98.94,78.85
2012-09-17,96.51,79.01
2012-09-18,95.25,79.25
2012-09-19,91.97,79.06
2012-09-20,92.14,79.41
2012-09-21,92.64,79.33
2012-09-24,91.68,79.52
2012-09-25,91.07,79.55
2012-09-26,89.92,79.89
2012-09-27,91.89,79.55
2012-09-28,92.18,79.94
2012-10-01,92.44,79.82
2012-10-02,91.88,79.74
2012-10-03,88.19,79.97
2012-10-04,91.69,79.35
2012-10-05,89.87,79.34
2012-10-08,89.43,79.54
2012-10-09,92.42,79.95
2012-10-10,91.24,79.92
2012-10-11,92.19,79.78
2012-10-12,91.83,79.67
2012-10-15,91.84,79.74
2012-10-16,92.07,79.41
2012-10-17,92.04,79.02
2012-10-18,92.0,79.37
2012-10-19,90.0,79.62
2012-10-22,88.3,79.65
2012-10-23,86.65,79.98
2012-10-24,85.39,79.91
2012-10-25,85.59,80.04
2012-10-26,85.84,80.07
2012-10-29,85.52,80.23
2012-10-30,85.65,79.93
2012-10-31,86.23,79.92
2012-11-01,87.05,80.05
2012-11-02,84.9,80.59
2012-11-05,85.64,80.75
2012-11-06,88.62,80.61
2012-11-07,84.5,80.76
2012-11-08,85.07,80.79
2012-11-09,86.08,81.03
2012-11-12,85.56,81.03
2012-11-13,85.38,81.08
2012-11-14,86.32,81.06
2012-11-15,85.45,81.08
2012-11-16,86.62,81.26
2012-11-19,89.05,80.87
2012-11-20,86.46,80.96
2012-11-21,87.08,80.93
2012-11-23,87.01,80.19
2012-11-26,87.28,80.25
2012-11-27,86.81,80.4
2012-11-28,86.1,80.34
2012-11-29,87.64,80.2
2012-11-30,88.54,80.15
2012-12-03,88.69,79.88
2012-12-04,88.04,79.64
2012-12-05,87.36,79.77
2012-12-06,85.47,80.26
2012-12-07,85.45,80.41
2012-12-10,85.14,80.33
2012-12-11,85.36,80.06
2012-12-12,86.35,79.81
2012-12-13,85.39,79.93
2012-12-14,86.32,79.58
2012-12-17,86.71,79.57
2012-12-18,87.46,79.36
2012-12-19,89.09,79.27
2012-12-20,89.76,79.26
2012-12-21,88.2,79.62
2012-12-24,88.29,79.64
2012-12-26,90.71,79.62
2012-12-27,90.91,79.62
2012-12-28,90.66,79.68
2012-12-31,91.83,79.77
2013-01-02,93.14,79.84
2013-01-03,92.97,80.38
2013-01-04,93.12,80.5
2013-01-07,93.2,80.26
2013-01-08,93.21,80.34
2013-01-09,93.08,80.56
2013-01-10,93.81,79.74
2013-01-11,93.6,79.56
2013-01-14,94.27,79.49
2013-01-15,93.26,79.78
2013-01-16,94.28,79.8
2013-01-17,95.49,79.65
2013-01-18,95.61,80.04
2013-01-22,96.09,79.87
2013-01-23,95.06,79.92
2013-01-24,95.35,79.95
2013-01-25,95.15,79.75
2013-01-28,95.95,79.75
2013-01-29,97.62,79.56
2013-01-30,97.98,79.28
2013-01-31,97.65,79.21
2013-02-01,97.46,79.21
2013-02-04,96.21,79.55
2013-02-05,96.68,79.49
2013-02-06,96.44,79.72
2013-02-07,95.84,80.19
2013-02-08,95.71,80.21
2013-02-11,97.01,80.31
2013-02-12,97.48,80.11
2013-02-13,97.03,80.09
2013-02-14,97.3,80.46
2013-02-15,95.95,80.58
2013-02-19,96.69,80.47
2013-02-20,94.92,81.07
2013-02-21,92.79,81.46
2013-02-22,93.12,81.46
2013-02-25,92.74,81.67
2013-02-26,92.63,81.87
2013-02-27,92.84,81.6
2013-02-28,92.03,81.95
2013-03-01,90.71,82.28
2013-03-04,90.13,82.19
2013-03-05,90.88,82.09
2013-03-06,90.47,82.46
2013-03-07,91.53,82.08
2013-03-08,92.01,82.72
2013-03-11,92.07,82.57
2013-03-12,92.44,82.58
2013-03-13,92.47,82.89
2013-03-14,93.03,82.61
2013-03-15,93.49,82.13
2013-03-18,93.71,82.69
2013-03-19,92.44,82.99
2013-03-20,93.21,82.78
2013-03-21,92.46,82.74
2013-03-22,93.41,82.53
2013-03-25,94.55,82.83
2013-03-26,95.99,82.88
2013-03-27,96.53,83.22
2013-03-28,97.24,82.99
2013-04-01,97.1,82.73
2013-04-02,97.23,82.92
2013-04-03,95.02,82.72
2013-04-04,93.26,82.68
2013-04-05,92.76,82.5
2013-04-08,93.36,82.75
2013-04-09,94.18,82.31
2013-04-10,94.59,82.53
2013-04-11,93.44,82.25
2013-04-12,91.23,82.13
2013-04-15,88.75,82.42
2013-04-16,88.73,81.75
2013-04-17,86.65,82.68
2013-04-18,87.83,82.56
2013-04-19,88.04,82.71
2013-04-22,88.81,82.68
2013-04-23,89.21,83.05
2013-04-24,91.07,83.05
2013-04-25,93.27,82.74
2013-04-26,92.63,82.47
2013-04-29,94.09,82.15
2013-04-30,93.22,81.75
2013-05-01,90.74,81.48
2013-05-02,93.7,82.22
2013-05-03,95.25,82.1
2013-05-06,95.8,82.31
2013-05-07,95.28,82.25
2013-05-08,96.24,81.9
2013-05-09,96.09,82.79
2013-05-10,95.81,83.14
2013-05-13,94.76,83.28
2013-05-14,93.96,83.59
2013-05-15,93.95,83.83
2013-05-16,94.85,83.59
2013-05-17,95.72,84.25
2013-05-20,96.29,83.74
2013-05-21,95.55,83.86
2013-05-22,93.98,84.35
2013-05-23,94.12,83.8
2013-05-24,93.84,83.7
2013-05-28,94.65,84.1
2013-05-29,93.13,83.66
2013-05-30,93.57,83.04
2013-05-31,91.93,83.26
2013-06-03,93.41,82.66
2013-06-04,93.36,82.77
2013-06-05,93.66,82.59
2013-06-06,94.71,81.54
2013-06-07,96.11,81.67
2013-06-10,95.82,81.65
2013-06-11,95.5,81.11
2013-06-12,95.98,80.95
2013-06-13,96.66,80.75
2013-06-14,97.83,80.62
2013-06-17,97.86,80.79
2013-06-18,98.46,80.61
2013-06-19,98.24,81.43
2013-06-20,94.89,81.92
2013-06-21,93.81,82.41
2013-06-24,95.07,82.42
2013-06-25,95.25,82.58
2013-06-26,95.47,82.98
2013-06-27,97.0,82.9
2013-06-28,96.36,83.14
2013-07-01,97.94,83.05
2013-07-02,99.65,83.54
2013-07-03,101.92,83.23
2013-07-05,103.09,84.44
2013-07-08,103.03,84.19
2013-07-09,103.46,84.58
2013-07-10,106.41,84.04
2013-07-11,104.77,82.75
2013-07-12,105.85,82.99
2013-07-15,106.2,83.04
2013-07-16,105.88,82.5
2013-07-17,106.39,82.71
2013-07-18,107.94,82.82
2013-07-19,108.0,82.62
2013-07-22,106.61,82.22
2013-07-23,107.13,81.94
2013-07-24,105.41,82.29
2013-07-25,105.47,81.97
2013-07-26,104.76,81.66
2013-07-29,104.61,81.66
2013-07-30,103.14,81.83
2013-07-31,105.1,81.45
2013-08-01,107.93,82.34
2013-08-02,106.94,81.91
2013-08-05,106.61,81.88
2013-08-06,105.32,81.6
2013-08-07,104.41,81.29
2013-08-08,103.45,80.98
2013-08-09,106.04,81.13
2013-08-12,106.19,81.33
2013-08-13,106.78,81.77
2013-08-14,106.89,81.71
2013-08-15,107.43,81.18
2013-08-16,107.58,81.26
2013-08-19,107.14,81.23
2013-08-20,104.9,80.91
2013-08-21,103.93,81.21
2013-08-22,104.93,81.49
2013-08-23,106.48,81.36
2013-08-26,105.88,81.41
2013-08-27,109.11,81.17
2013-08-28,110.17,81.43
2013-08-29,108.51,81.95
2013-08-30,107.98,82.09
2013-09-03,108.67,82.36
2013-09-04,107.29,82.17
2013-09-05,108.5,82.63
2013-09-06,110.62,82.15
2013-09-09,109.62,81.79
2013-09-10,107.48,81.82
2013-09-11,107.65,81.52
2013-09-12,108.72,81.49
2013-09-13,108.31,81.45
2013-09-16,106.54,81.3
2013-09-17,105.36,81.14
2013-09-18,108.23,80.24
2013-09-19,106.26,80.37
2013-09-20,104.7,80.43
2013-09-23,103.62,80.45
2013-09-24,103.22,80.56
2013-09-25,102.68,80.33
2013-09-26,103.1,80.52
2013-09-27,102.86,80.29
2013-09-30,102.36,80.22
2013-10-01,102.09,80.14
2013-10-02,104.15,79.9
2013-10-03,103.29,79.75
2013-10-04,103.83,80.13
2013-10-07,103.07,79.94
2013-10-08,103.54,80.06
2013-10-09,101.63,80.38
2013-10-10,103.08,80.42
2013-10-11,102.17,80.41
2013-10-14,102.46,80.26
2013-10-15,101.15,80.48
2013-10-16,102.34,80.47
2013-10-17,100.72,79.65
2013-10-18,100.87,79.65
2013-10-21,99.28,79.69
2013-10-22,97.63,79.23
2013-10-23,96.9,79.26
2013-10-24,96.65,79.19
2013-10-25,97.4,79.19
2013-10-28,98.74,79.25
2013-10-29,98.29,79.61
2013-10-30,96.81,79.78
2013-10-31,96.29,80.19
2013-11-01,94.56,80.72
2013-11-04,94.58,80.55
2013-11-05,93.4,80.71
2013-11-06,94.74,80.48
2013-11-07,94.25,80.84
2013-11-08,94.56,81.3
2013-11-11,95.13,81.09
2013-11-12,93.12,81.19
2013-11-13,93.91,80.93
2013-11-14,93.76,81.02
2013-11-15,93.8,80.85
2013-11-18,93.03,80.83
2013-11-19,93.35,80.7
2013-11-20,93.34,81.11
2013-11-21,95.35,81.07
2013-11-22,94.53,80.71
2013-11-25,93.86,80.92
2013-11-26,93.41,80.61
2013-11-27,92.05,80.72
2013-11-29,92.55,80.68
2013-12-02,93.61,80.92
2013-12-03,95.83,80.92
2013-12-04,96.97,80.62
2013-12-05,97.14,80.23
2013-12-06,97.48,80.31
2013-12-09,97.1,80.13
2013-12-10,98.32,79.97
2013-12-11,97.25,79.89
2013-12-12,97.21,80.21
2013-12-13,96.27,80.21
2013-12-16,97.18,80.07
2013-12-17,96.99,80.06
2013-12-18,97.59,80.11
2013-12-19,98.4,80.63
2013-12-20,99.11,80.58
2013-12-23,98.62,80.45
2013-12-24,98.87,80.45
2013-12-26,99.18,80.48
2013-12-27,99.94,80.39
2013-12-30,98.9,80.0
2013-12-31,98.17,80.03
2014-01-02,95.14,80.63
2014-01-03,93.66,80.79
2014-01-06,93.12,80.65
2014-01-07,93.31,80.83
2014-01-08,91.9,81.02
2014-01-09,91.36,81.0
2014-01-10,92.39,80.66
2014-01-13,91.45,80.51
2014-01-14,92.15,80.66
2014-01-15,93.78,81.03
2014-01-16,93.54,80.91
2014-01-17,93.96,81.22
2014-01-20,94.235,81.22
2014-01-21,94.51,81.1
2014-01-22,96.35,81.17
2014-01-23,97.23,80.44
2014-01-24,96.66,80.46
2014-01-27,95.82,80.52
2014-01-28,97.49,80.57
2014-01-29,97.34,80.5
2014-01-30,98.25,81.08
2014-01-31,97.55,81.31
2014-02-03,96.44,81.01
2014-02-04,97.24,81.12
2014-02-05,97.4,81.04
2014-02-06,97.84,80.91
2014-02-07,99.98,80.69
2014-02-10,100.12,80.64
2014-02-11,99.96,80.64
2014-02-12,100.38,80.68
2014-02-13,100.27,80.32
2014-02-14,100.31,80.15
2014-02-18,102.54,80.01
2014-02-19,103.46,80.14
2014-02-20,103.2,80.29
2014-02-21,102.53,80.24
2014-02-24,103.17,80.2
2014-02-25,102.2,80.14
2014-02-26,102.93,80.43
2014-02-27,102.68,80.28
2014-02-28,102.88,79.69
2014-03-03,105.34,80.08
2014-03-04,103.64,80.17
2014-03-05,101.75,80.11
2014-03-06,101.82,79.66
2014-03-07,102.82,79.72
2014-03-10,101.39,79.77
2014-03-11,100.29,79.74
2014-03-12,98.29,79.61
2014-03-13,98.57,79.62
2014-03-14,99.23,79.45
2014-03-17,98.43,79.39
2014-03-18,100.08,79.41
2014-03-19,100.71,80.0
2014-03-20,99.68,80.19
2014-03-21,99.97,80.11
2014-03-24,100.05,79.93
2014-03-25,99.66,79.94
2014-03-26,100.61,80.03
2014-03-27,101.25,80.11
2014-03-28,101.73,80.18
2014-03-31,101.57,80.1
2014-04-01,99.69,80.09
2014-04-02,99.6,80.22
2014-04-03,100.29,80.47
2014-04-04,101.16,80.42
2014-04-07,100.43,80.23
2014-04-08,102.57,79.75
2014-04-09,103.55,79.48
2014-04-10,103.37,79.38
2014-04-11,103.68,79.45
2014-04-14,104.05,79.73
2014-04-15,103.7,79.8
2014-04-16,103.71,79.8
2014-04-17,104.33,79.83
2014-04-21,104.35,79.94
2014-04-22,101.69,79.91
2014-04-23,101.47,79.86
2014-04-24,102.2,79.8
2014-04-25,100.85,79.75
2014-04-28,101.13,79.68
2014-04-29,101.56,79.81
2014-04-30,100.07,79.47
2014-05-01,99.69,79.53
2014-05-02,100.09,79.52
2014-05-05,99.74,79.49
2014-05-06,99.81,79.09
2014-05-07,101.06,79.2
2014-05-08,100.52,79.36
2014-05-09,100.32,79.9
2014-05-12,100.89,79.9
2014-05-13,102.01,80.14
2014-05-14,102.63,80.07
2014-05-15,101.74,80.0
2014-05-16,102.31,80.04
2014-05-19,102.95,79.99
2014-05-20,102.8,80.04
2014-05-21,104.31,80.09
2014-05-22,104.03,80.25
2014-05-23,105.01,80.39
2014-05-26,104.89500000000001,80.39
2014-05-27,104.78,80.35
2014-05-28,103.37,80.57
2014-05-29,104.26,80.49
2014-05-30,103.4,80.37
2014-06-02,103.07,80.64
2014-06-03,103.34,80.55
2014-06-04,103.27,80.66
2014-06-05,103.17,80.37
2014-06-06,103.32,80.41
2014-06-09,105.09,80.65
2014-06-10,105.02,80.82
2014-06-11,105.04,80.77
2014-06-12,107.2,80.58
2014-06-13,107.49,80.58
2014-06-16,107.52,80.47
2014-06-17,106.95,80.63
2014-06-18,106.64,80.58
2014-06-19,107.08,80.32
2014-06-20,107.95,80.37
2014-06-23,106.83,80.27
2014-06-24,106.64,80.33
2014-06-25,107.04,80.22
2014-06-26,106.49,80.22
2014-06-27,106.46,80.02
2014-06-30,106.07,79.78
2014-07-01,106.06,79.81
2014-07-02,105.18,79.96
2014-07-03,104.76,80.21
2014-07-07,104.19,80.22
2014-07-08,104.06,80.18
2014-07-09,102.93,79.99
2014-07-10,103.61,80.13
2014-07-11,101.48,80.19
2014-07-14,101.73,80.19
2014-07-15,100.56,80.39
2014-07-16,101.88,80.56
2014-07-17,103.84,80.5
2014-07-18,103.83,80.52
2014-07-21,105.34,80.56
2014-07-22,104.59,80.78
2014-07-23,103.81,80.82
2014-07-24,102.76,80.87
2014-07-25,105.23,81.03
2014-07-28,105.68,81.03
2014-07-29,104.91,81.21
2014-07-30,104.29,81.43
2014-07-31,98.23,81.46
2014-08-01,97.86,81.3
2014-08-04,98.26,81.33
2014-08-05,97.34,81.33
2014-08-06,96.93,81.44
2014-08-07,97.34,81.52
2014-08-08,97.61,81.45
2014-08-11,98.09,81.47
2014-08-12,97.36,81.5
2014-08-13,97.57,81.6
2014-08-14,95.54,81.59
2014-08-15,97.3,81.42
2014-08-18,96.44,81.58
2014-08-19,94.35,81.88
2014-08-20,96.4,82.23
2014-08-21,93.97,82.15
2014-08-22,93.61,82.34
2014-08-25,95.39,82.55
2014-08-26,95.78,82.65
2014-08-27,95.82,82.43
2014-08-28,96.44,82.48
2014-08-29,97.86,82.75
2014-09-02,92.92,82.99
2014-09-03,95.5,82.86
2014-09-04,94.51,83.82
2014-09-05,93.32,83.74
2014-09-08,92.64,84.23
2014-09-09,92.73,84.28
2014-09-10,91.71,84.28
2014-09-11,92.89,84.3
2014-09-12,92.18,84.24
2014-09-15,92.86,84.26
2014-09-16,94.91,84.07
2014-09-17,94.33,84.34
2014-09-18,93.07,84.32
2014-09-19,92.43,84.73
2014-09-22,91.46,84.75
2014-09-23,91.55,84.66
2014-09-24,93.6,85.04
2014-09-25,93.59,85.19
2014-09-26,95.55,85.64
2014-09-29,94.53,85.59
2014-09-30,91.17,85.94
2014-10-01,90.74,85.97
2014-10-02,91.02,85.6
2014-10-03,89.76,86.69
2014-10-06,90.33,85.93
2014-10-07,88.89,85.67
2014-10-08,87.29,85.3
2014-10-09,85.76,85.52
2014-10-10,85.87,85.91
2014-10-13,85.73,85.53
2014-10-14,81.72,85.82
2014-10-15,81.82,85.15
2014-10-16,82.33,84.95
2014-10-17,82.8,85.11
2014-10-20,82.76,84.95
2014-10-21,83.25,85.3
2014-10-22,80.52,85.74
2014-10-23,82.81,85.84
2014-10-24,81.27,85.73
2014-10-27,81.26,85.5
2014-10-28,81.36,85.41
2014-10-29,82.25,85.95
2014-10-30,81.06,86.15
2014-10-31,80.53,86.92
2014-11-03,78.77,87.31
2014-11-04,77.15,86.98
2014-11-05,78.71,87.44
2014-11-06,77.87,88.01
2014-11-07,78.71,87.64
2014-11-10,77.43,87.81
2014-11-11,77.85,87.53
2014-11-12,77.16,87.82
2014-11-13,74.13,87.67
2014-11-14,75.91,87.53
2014-11-17,75.64,87.93
2014-11-18,74.55,87.58
2014-11-19,74.55,87.65
2014-11-20,75.63,87.59
2014-11-21,76.52,88.31
2014-11-24,75.74,88.15
2014-11-25,74.04,87.92
2014-11-26,73.7,87.61
2014-11-28,65.94,88.36
2014-12-01,68.98,87.95
2014-12-02,66.99,88.65
2014-12-03,67.3,88.96
2014-12-04,66.73,88.7
2014-12-05,65.89,89.33
2014-12-08,63.13,89.04
2014-12-09,63.74,88.69
2014-12-10,60.99,88.27
2014-12-11,60.01,88.66
2014-12-12,57.81,88.36
2014-12-15,55.96,88.46
2014-12-16,55.97,88.12
2014-12-17,56.43,89.13
2014-12-18,54.18,89.23
2014-12-19,56.91,89.6
2014-12-22,55.25,89.77
2014-12-23,56.78,90.06
2014-12-24,55.7,89.97
2014-12-26,54.59,90.03
2014-12-29,53.46,90.19
2014-12-30,54.14,89.99
2014-12-31,53.45,90.27
2015-01-02,52.72,91.08
2015-01-05,50.05,91.38
2015-01-06,47.98,91.5
2015-01-07,48.69,91.89
2015-01-08,48.8,92.37
2015-01-09,48.35,91.94
2015-01-12,46.06,91.98
2015-01-13,45.92,92.31
2015-01-14,48.49,92.16
2015-01-15,46.37,92.35
2015-01-16,48.49,92.52
2015-01-20,46.79,93.05
2015-01-21,47.85,92.9
2015-01-22,45.93,94.08
2015-01-23,45.26,94.76
2015-01-26,44.8,94.8
2015-01-27,45.84,94.02
2015-01-28,44.08,94.47
2015-01-29,44.12,94.78
2015-01-30,47.79,94.8
2015-02-02,49.25,94.5
2015-02-03,53.04,93.6
2015-02-04,48.45,93.99
2015-02-05,50.48,93.57
2015-02-06,51.66,95.85
2015-02-09,52.99,94.45
2015-02-10,50.06,94.76
2015-02-11,48.8,94.98
2015-02-12,51.17,94.09
2015-02-13,52.66,94.2
2015-02-16,53.11,94.2
2015-02-17,53.56,94.06
2015-02-18,52.13,94.2
2015-02-19,51.12,94.4
2015-02-20,49.95,94.34
2015-02-23,49.56,94.57
2015-02-24,48.48,94.49
2015-02-25,50.25,94.21
2015-02-26,47.65,95.29
2015-02-27,49.84,95.32
2015-03-02,49.59,95.46
2015-03-03,50.43,95.38
2015-03-04,51.53,95.97
2015-03-05,50.76,96.38
2015-03-06,49.61,97.61
2015-03-09,49.95,97.59
2015-03-10,48.42,98.62
2015-03-11,48.06,99.8
2015-03-12,47.12,99.44
2015-03-13,44.88,100.33
2015-03-16,43.93,99.6
2015-03-17,43.39,99.58
2015-03-18,44.63,98.55
2015-03-19,44.02,99.26
2015-03-20,46.0,97.91
2015-03-23,47.4,97.03
2015-03-24,47.03,97.19
2015-03-25,48.75,96.98
2015-03-26,51.41,97.44
2015-03-27,48.83,97.29
2015-03-30,48.66,97.97
2015-03-31,47.72,98.36
2015-04-01,50.12,98.19
2015-04-02,49.13,97.44
2015-04-06,52.08,96.78
2015-04-07,53.95,97.83
2015-04-08,50.44,97.94
2015-04-09,50.79,99.16
2015-04-10,51.63,99.34
2015-04-13,51.95,99.49
2015-04-14,53.3,98.73
2015-04-15,56.25,98.32
2015-04-16,56.69,97.42
2015-04-17,55.71,97.52
2015-04-20,56.37,97.94
2015-04-21,55.58,98.0
2015-04-22,56.17,97.93
2015-04-23,56.59,97.28
2015-04-24,55.98,96.92
2015-04-27,55.56,96.77
2015-04-28,57.05,96.09
2015-04-29,58.55,95.21
2015-04-30,59.62,94.6
2015-05-01,59.1,95.3
2015-05-04,58.92,95.48
2015-05-05,60.38,95.08
2015-05-06,60.93,94.09
2015-05-07,58.99,94.64
2015-05-08,59.41,94.79
2015-05-11,59.23,95.01
2015-05-12,60.72,94.53
2015-05-13,60.5,93.62
2015-05-14,59.89,93.46
2015-05-15,59.73,93.14
2015-05-18,59.44,94.22
2015-05-19,57.3,95.27
2015-05-20,58.96,95.45
2015-05-21,60.18,95.25
2015-05-22,58.88,96.11
2015-05-26,57.29,97.3
2015-05-27,57.51,97.37
2015-05-28,57.69,96.97
2015-05-29,60.25,96.91
2015-06-01,60.24,97.39
2015-06-02,61.3,95.83
2015-06-03,59.67,95.47
2015-06-04,58.0,95.46
2015-06-05,59.11,96.31
2015-06-08,58.15,95.3
2015-06-09,60.15,95.17
2015-06-10,61.36,94.65
2015-06-11,60.74,94.98
2015-06-12,59.96,94.97
2015-06-15,59.53,94.81
2015-06-16,60.01,95.0
2015-06-17,59.89,94.3
2015-06-18,60.41,94.04
2015-06-19,59.62,94.08
2015-06-22,60.01,94.33
2015-06-23,61.05,95.43
2015-06-24,60.01,95.26
2015-06-25,59.59,95.19
2015-06-26,59.41,95.47
2015-06-29,58.34,94.79
2015-06-30,59.48,95.48
2015-07-01,56.94,96.31
2015-07-02,56.93,96.11
2015-07-03,54.705,96.11
2015-07-06,52.48,96.3
2015-07-07,52.33,96.86
2015-07-08,51.61,96.29
2015-07-09,52.76,96.61
2015-07-10,52.74,96.03
2015-07-13,52.19,96.86
2015-07-14,53.05,96.64
2015-07-15,51.4,97.17
2015-07-16,50.9,97.67
2015-07-17,50.88,97.86
2015-07-20,50.11,98.03
2015-07-21,50.59,97.33
2015-07-22,49.27,97.6
2015-07-23,48.11,97.11
2015-07-24,47.98,97.24
2015-07-27,47.17,96.5
2015-07-28,47.97,96.77
2015-07-29,48.77,96.98
2015-07-30,48.53,97.56
2015-07-31,47.11,97.34
2015-08-03,45.25,97.49
2015-08-04,45.75,97.93
2015-08-05,45.13,97.96
2015-08-06,44.69,97.83
2015-08-07,43.87,97.56
2015-08-10,44.94,97.16
2015-08-11,43.11,97.29
2015-08-12,43.22,96.26
2015-08-13,42.27,96.44
2015-08-14,42.45,96.52
2015-08-17,41.93,96.81
2015-08-18,42.58,97.04
2015-08-19,40.75,96.36
2015-08-20,41.0,95.98
2015-08-21,40.45,95.01
2015-08-24,38.22,93.33
2015-08-25,39.15,94.53
2015-08-26,38.5,95.1
2015-08-27,42.47,95.61
2015-08-28,45.29,96.11
2015-08-31,49.2,95.82
2015-09-01,45.38,95.45
2015-09-02,46.3,95.83
2015-09-03,46.75,96.41
2015-09-04,46.02,96.23
2015-09-07,45.97,96.23
2015-09-08,45.92,95.98
2015-09-09,44.13,96.01
2015-09-10,45.85,95.46
2015-09-11,44.75,95.19
2015-09-14,44.07,95.25
2015-09-15,44.58,95.61
2015-09-16,47.12,95.42
2015-09-17,46.93,94.55
2015-09-18,44.71,94.86
2015-09-21,46.67,95.89
2015-09-22,46.17,96.28
2015-09-23,44.53,96.07
2015-09-24,44.94,96.69
2015-09-25,45.55,96.27
2015-09-28,44.4,96.03
2015-09-29,45.24,95.86
2015-09-30,45.06,96.35
2015-10-01,44.75,96.19
2015-10-02,45.54,95.83
2015-10-05,46.28,96.11
2015-10-06,48.53,95.45
2015-10-07,47.86,95.5
2015-10-08,49.46,95.32
2015-10-09,49.67,94.81
2015-10-12,47.09,94.84
2015-10-13,46.7,94.76
2015-10-14,46.63,93.93
2015-10-15,46.38,94.37
2015-10-16,47.3,94.54
2015-10-19,45.91,94.93
2015-10-20,45.84,94.91
2015-10-21,45.22,95.03
2015-10-22,44.9,96.38
2015-10-23,43.91,97.13
2015-10-26,43.19,96.86
2015-10-27,43.21,96.91
2015-10-28,45.93,97.78
2015-10-29,46.02,97.28
2015-10-30,46.6,96.95
2015-11-02,46.12,96.93
2015-11-03,47.88,97.16
2015-11-04,46.32,97.95
2015-11-05,45.27,97.94
2015-11-06,44.32,99.17
2015-11-09,43.87,98.98
2015-11-10,44.23,99.29
2015-11-11,42.95,99.01
2015-11-12,41.74,98.65
2015-11-13,40.69,99.0
2015-11-16,41.68,99.44
2015-11-17,40.73,99.63
2015-11-18,40.75,99.65
2015-11-19,40.55,98.99
2015-11-20,39.39,99.56
2015-11-23,39.27,99.8
2015-11-24,40.89,99.53
2015-11-25,41.22,99.8
2015-11-26,40.894999999999996,99.8
2015-11-27,40.57,100.02
2015-11-30,40.43,100.17
2015-12-01,40.58,99.8
2015-12-02,39.93,99.99
2015-12-03,41.08,97.62
2015-12-04,40.0,98.35
2015-12-07,37.64,98.66
2015-12-08,37.46,98.47
2015-12-09,37.16,97.34
2015-12-10,36.76,97.94
2015-12-11,35.65,97.56
2015-12-14,36.31,97.6
2015-12-15,37.32,98.22
2015-12-16,35.55,97.87
2015-12-17,34.98,99.27
2015-12-18,34.72,98.7
2015-12-21,34.55,98.36
2015-12-22,36.12,98.23
2015-12-23,36.76,98.34
2015-12-24,37.62,97.98
2015-12-28,36.36,97.92
2015-12-29,37.88,98.1
2015-12-30,36.59,98.27
2015-12-31,37.13,98.63
2016-01-04,36.81,98.87
2016-01-05,35.97,99.4
2016-01-06,33.97,99.18
2016-01-07,33.29,98.22
2016-01-08,33.2,98.54
2016-01-11,31.42,98.72
2016-01-12,30.42,98.97
2016-01-13,30.42,98.93
2016-01-14,31.22,99.09
2016-01-15,29.45,98.96
2016-01-18,28.96,98.96
2016-01-19,28.47,98.99
2016-01-20,26.68,99.09
2016-01-21,29.55,99.06
2016-01-22,32.07,99.57
2016-01-25,30.31,99.36
2016-01-26,29.54,99.36
2016-01-27,32.32,98.9
2016-01-28,33.21,98.51
2016-01-29,33.66,99.61
2016-02-01,31.62,99.01
2016-02-02,29.9,98.87
2016-02-03,32.29,97.29
2016-02-04,31.63,96.47
2016-02-05,30.86,97.03
2016-02-08,29.71,96.57
2016-02-09,27.96,96.07
2016-02-10,27.54,95.89
2016-02-11,26.19,95.56
2016-02-12,29.32,95.94
2016-02-16,29.05,96.87
2016-02-17,30.68,96.79
2016-02-18,30.77,96.95
2016-02-19,29.59,96.6
2016-02-22,31.37,97.38
2016-02-23,31.84,97.48
2016-02-24,30.35,97.46
2016-02-25,31.4,97.29
2016-02-26,31.65,98.15
2016-02-29,32.74,98.21
2016-03-01,34.39,98.35
2016-03-02,34.57,98.21
2016-03-03,34.56,97.59
2016-03-04,35.91,97.34
2016-03-07,37.9,97.07
2016-03-08,36.67,97.21
2016-03-09,37.62,97.17
2016-03-10,37.77,96.07
2016-03-11,38.51,96.17
2016-03-14,37.2,96.62
2016-03-15,36.32,96.63
2016-03-16,38.43,95.89
2016-03-17,40.17,94.76
2016-03-18,39.47,95.09
2016-03-21,39.91,95.29
2016-03-22,41.45,95.65
2016-03-23,38.28,96.05
2016-03-24,38.14,96.14
2016-03-28,37.99,95.94
2016-03-29,36.91,95.16
2016-03-30,36.91,94.84
2016-03-31,36.94,94.59
2016-04-01,35.36,94.62
2016-04-04,34.3,94.51
2016-04-05,34.52,94.63
2016-04-06,37.74,94.43
2016-04-07,37.3,94.48
2016-04-08,39.74,94.23
2016-04-11,40.46,93.95
2016-04-12,42.12,93.96
2016-04-13,41.7,94.74
2016-04-14,41.45,94.9
2016-04-15,40.4,94.7
2016-04-18,39.74,94.49
2016-04-19,40.88,93.98
2016-04-20,42.72,94.49
2016-04-21,43.18,94.6
2016-04-22,42.76,95.12
2016-04-25,41.67,94.84
2016-04-26,42.52,94.57
2016-04-27,45.29,94.39
2016-04-28,46.03,93.76
2016-04-29,45.98,93.08
2016-05-02,44.75,92.63
2016-05-03,43.65,92.94
2016-05-04,43.77,93.18
2016-05-05,44.33,93.78
2016-05-06,44.58,93.89
2016-05-09,43.45,94.13
2016-05-10,44.68,94.29
2016-05-11,46.21,93.82
2016-05-12,46.64,94.15
2016-05-13,46.22,94.61
2016-05-16,47.72,94.57
2016-05-17,48.29,94.55
2016-05-18,48.12,95.08
2016-05-19,48.16,95.29
2016-05-20,47.67,95.33
2016-05-23,48.12,95.23
2016-05-24,48.04,95.57
2016-05-25,49.1,95.35
2016-05-26,49.0,95.17
2016-05-27,49.36,95.52
2016-05-31,49.1,95.89
2016-06-01,49.07,95.45
2016-06-02,49.14,95.56
2016-06-03,48.69,94.03
2016-06-06,49.71,93.9
2016-06-07,50.37,93.83
2016-06-08,51.23,93.59
2016-06-09,50.52,93.95
2016-06-10,49.09,94.57
2016-06-13,48.89,94.36
2016-06-14,48.49,94.93
2016-06-15,47.92,94.61
2016-06-16,46.14,94.57
2016-06-17,48.0,94.21
2016-06-20,49.4,93.61
2016-06-21,48.95,94.02
2016-06-22,49.16,93.72
2016-06-23,49.34,93.53
2016-06-24,46.7,95.45
2016-06-27,45.8,96.54
2016-06-28,47.93,96.25
2016-06-29,49.85,95.77
2016-06-30,48.27,96.14
2016-07-01,49.02,95.65
2016-07-04,47.875,95.65
2016-07-05,46.73,96.17
2016-07-06,47.37,96.05
2016-07-07,45.22,96.33
2016-07-08,45.37,96.3
2016-07-11,44.73,96.57
2016-07-12,46.82,96.44
2016-07-13,44.87,96.22
2016-07-14,45.64,96.08
2016-07-15,45.93,96.58
2016-07-18,45.23,96.56
2016-07-19,44.64,97.06
2016-07-20,44.96,97.2
2016-07-21,43.96,97.0
2016-07-22,43.41,97.47
2016-07-25,42.4,97.29
2016-07-26,42.16,97.16
2016-07-27,41.9,97.05
2016-07-28,41.13,96.74
2016-07-29,41.54,95.53
2016-08-01,40.05,95.71
2016-08-02,39.5,95.06
2016-08-03,40.8,95.56
2016-08-04,41.92,95.76
2016-08-05,41.83,96.19
2016-08-08,43.06,96.4
2016-08-09,42.78,96.18
2016-08-10,41.75,95.65
2016-08-11,43.51,95.86
2016-08-12,44.47,95.72
2016-08-15,45.72,95.63
2016-08-16,46.57,94.79
2016-08-17,46.81,94.72
2016-08-18,48.2,94.16
2016-08-19,48.48,94.51
2016-08-22,46.8,94.52
2016-08-23,47.54,94.54
2016-08-24,46.29,94.79
2016-08-25,46.97,94.77
2016-08-26,47.64,95.57
2016-08-29,46.97,95.58
2016-08-30,46.32,96.05
2016-08-31,44.68,96.02
2016-09-01,43.17,95.65
2016-09-02,44.39,95.84
2016-09-05,44.620000000000005,95.84
2016-09-06,44.85,94.82
2016-09-07,45.47,94.96
2016-09-08,47.63,95.03
2016-09-09,45.88,95.34
2016-09-12,46.28,95.09
2016-09-13,44.91,95.63
2016-09-14,43.62,95.33
2016-09-15,43.85,95.29
2016-09-16,43.04,96.11
2016-09-19,43.34,95.84
2016-09-20,43.85,96.02
2016-09-21,45.33,95.66
2016-09-22,46.1,95.45
2016-09-23,44.36,95.48
2016-09-26,45.6,95.3
2016-09-27,44.65,95.44
2016-09-28,47.07,95.43
2016-09-29,47.72,95.53
2016-09-30,47.72,95.46
2016-10-03,48.8,95.69
2016-10-04,48.67,96.17
2016-10-05,49.75,96.12
2016-10-06,50.44,96.77
2016-10-07,49.76,96.63
2016-10-10,49.76,96.93
2016-10-11,50.72,97.69
2016-10-12,50.14,97.97
2016-10-13,50.47,97.52
2016-10-14,50.35,98.02
2016-10-17,49.97,97.89
2016-10-18,50.3,97.89
2016-10-19,51.59,97.92
2016-10-20,50.31,98.31
2016-10-21,50.61,98.69
2016-10-24,50.18,98.76
2016-10-25,49.45,98.72
2016-10-26,48.75,98.63
2016-10-27,49.71,98.89
2016-10-28,48.72,98.35
2016-10-31,46.83,98.44
2016-11-01,46.66,97.7
2016-11-02,45.32,97.4
2016-11-03,44.66,97.16
2016-11-04,44.07,97.06
2016-11-07,44.88,97.78
2016-11-08,44.96,97.86
2016-11-09,45.2,98.5
2016-11-10,44.62,98.78
2016-11-11,43.39,99.06
2016-11-14,43.29,100.11
2016-11-15,45.86,100.23
2016-11-16,45.56,100.41
2016-11-17,45.37,100.89
2016-11-18,45.69,101.21
2016-11-21,47.48,101.05
2016-11-22,48.07,101.04
2016-11-23,46.72,101.7
2016-11-24,46.72,101.7
2016-11-25,46.72,101.49
2016-11-28,45.66,101.33
2016-11-29,45.29,100.93
2016-11-30,49.41,101.5
2016-12-01,51.08,101.04
2016-12-02,51.7,100.77
2016-12-05,51.72,100.09
2016-12-06,50.95,100.49
2016-12-07,49.85,100.23
2016-12-08,50.84,101.1
2016-12-09,51.51,101.59
2016-12-12,52.74,101.03
2016-12-13,52.99,101.07
2016-12-14,51.01,101.76
2016-12-15,50.9,103.02
2016-12-16,51.93,102.95
2016-12-19,52.13,103.14
2016-12-20,52.22,103.29
2016-12-21,51.44,103.02
2016-12-22,51.98,103.09
2016-12-23,52.01,103.01
2016-12-27,52.82,103.02
2016-12-28,54.01,103.3
2016-12-29,53.8,102.68
2016-12-30,53.75,102.21
2017-01-03,52.36,103.21
2017-01-04,53.26,102.7
2017-01-05,53.77,101.52
2017-01-06,53.98,102.22
2017-01-09,51.95,101.93
2017-01-10,50.82,102.01
2017-01-11,52.19,101.78
2017-01-12,53.01,101.35
2017-01-13,52.36,101.18
2017-01-16,52.405,101.18
2017-01-17,52.45,100.33
2017-01-18,51.12,100.93
2017-01-19,51.39,101.15
2017-01-20,52.33,100.74
2017-01-23,52.77,100.16
2017-01-24,52.38,100.35
2017-01-25,52.14,100.03
2017-01-26,53.24,100.38
2017-01-27,53.18,100.53
2017-01-30,52.63,100.43
2017-01-31,52.75,99.51
2017-02-01,53.9,99.64
2017-02-02,53.55,99.79
2017-02-03,53.81,99.87
2017-02-06,53.01,99.91
2017-02-07,52.19,100.26
2017-02-08,52.37,100.28
2017-02-09,52.99,100.65
2017-02-10,53.84,100.8
2017-02-13,52.96,100.96
2017-02-14,53.21,101.25
2017-02-15,53.11,101.18
2017-02-16,53.41,100.44
2017-02-17,53.41,100.95
2017-02-20,53.715,100.95
2017-02-21,54.02,101.37
2017-02-22,53.61,101.22
2017-02-23,54.48,101.05
2017-02-24,53.99,101.09
2017-02-27,54.04,101.13
2017-02-28,54.0,101.12
2017-03-01,53.82,101.78
2017-03-02,52.63,102.2
2017-03-03,53.33,101.54
2017-03-06,53.19,101.64
2017-03-07,52.68,101.81
2017-03-08,49.83,102.07
2017-03-09,48.75,101.85
2017-03-10,48.05,101.25
2017-03-13,47.95,101.31
2017-03-14,47.24,101.7
2017-03-15,48.34,100.74
2017-03-16,48.3,100.36
2017-03-17,48.34,100.3
2017-03-20,47.79,100.41
2017-03-21,47.02,99.81
2017-03-22,47.29,99.68
2017-03-23,47.0,99.76
2017-03-24,47.3,99.63
2017-03-27,47.02,99.17
2017-03-28,48.36,99.71
2017-03-29,49.47,100.0
2017-03-30,50.3,100.41
2017-03-31,50.54,100.35
2017-04-03,50.25,100.54
2017-04-04,50.99,100.54
2017-04-05,51.14,100.56
2017-04-06,51.69,100.67
2017-04-07,52.25,101.18
2017-04-10,53.06,101.02
2017-04-11,53.38,100.71
2017-04-12,53.12,100.78
2017-04-13,53.19,100.56
2017-04-17,52.62,100.29
2017-04-18,52.46,99.5
2017-04-19,50.49,99.74
2017-04-20,50.26,99.78
2017-04-21,49.64,99.98
2017-04-24,48.9,99.09
2017-04-25,49.22,98.78
2017-04-26,49.22,99.05
2017-04-27,48.96,99.08
2017-04-28,49.31,99.05
2017-05-01,48.83,99.08
2017-05-02,47.65,98.98
2017-05-03,47.79,99.21
2017-05-04,45.55,98.8
2017-05-05,46.23,98.65
2017-05-08,46.46,99.06
2017-05-09,45.84,99.66
2017-05-10,47.28,99.67
2017-05-11,47.81,99.62
2017-05-12,47.83,99.25
2017-05-15,48.86,98.91
2017-05-16,48.64,98.11
2017-05-17,49.04,97.58
2017-05-18,49.36,97.88
2017-05-19,50.32,97.14
2017-05-22,50.81,96.98
2017-05-23,51.12,97.35
2017-05-24,50.99,97.24
2017-05-25,48.57,97.25
2017-05-26,49.58,97.44
2017-05-29,49.605000000000004,97.44
2017-05-30,49.63,97.28
2017-05-31,48.29,96.92
2017-06-01,48.32,97.2
2017-06-02,47.68,96.72
2017-06-05,47.4,96.8
2017-06-06,48.13,96.64
2017-06-07,45.8,96.75
2017-06-08,45.68,96.92
2017-06-09,45.82,97.27
2017-06-12,46.1,97.14
2017-06-13,46.41,96.97
2017-06-14,44.79,96.94
2017-06-15,44.47,97.43
2017-06-16,44.73,97.16
2017-06-19,44.24,97.55
2017-06-20,43.34,97.76
2017-06-21,42.48,97.56
2017-06-22,42.53,97.59
2017-06-23,42.86,97.26
2017-06-26,43.24,97.43
2017-06-27,44.25,96.39
2017-06-28,44.74,96.01
2017-06-29,44.88,95.63
2017-06-30,46.02,95.63
2017-07-03,45.71666666666667,96.22
2017-07-04,45.413333333333334,96.22
2017-07-05,45.11,96.29
2017-07-06,45.52,95.8
2017-07-07,44.25,96.01
2017-07-10,44.4,96.02
2017-07-11,45.06,95.67
2017-07-12,45.48,95.76
2017-07-13,46.06,95.73
2017-07-14,46.53,95.15
2017-07-17,46.02,95.13
2017-07-18,46.4,94.6
2017-07-19,47.1,94.78
2017-07-20,46.73,94.31
2017-07-21,45.78,93.86
2017-07-24,46.21,93.98
2017-07-25,47.77,94.05
2017-07-26,48.58,93.67
2017-07-27,49.05,93.86
2017-07-28,49.72,93.26
2017-07-31,50.21,92.86
2017-08-01,49.19,93.04
2017-08-02,49.6,92.84
2017-08-03,49.03,92.84
2017-08-04,49.57,93.54
2017-08-07,49.37,93.43
2017-08-08,49.07,93.65
2017-08-09,49.59,93.55
2017-08-10,48.54,93.4
2017-08-11,48.81,93.07
2017-08-14,47.59,93.41
2017-08-15,47.57,93.85
2017-08-16,46.8,93.54
2017-08-17,47.07,93.62
2017-08-18,48.59,93.43
2017-08-21,47.39,93.09
2017-08-22,47.65,93.55
2017-08-23,48.45,93.15
2017-08-24,47.24,93.28
2017-08-25,47.65,92.74
2017-08-28,46.4,92.21
2017-08-29,46.46,92.25
2017-08-30,45.96,92.88
2017-08-31,47.26,92.67
2017-09-01,47.32,92.81
2017-09-04,47.975,92.64
2017-09-05,48.63,92.25
2017-09-06,49.13,92.29
2017-09-07,49.1,91.66
2017-09-08,47.44,91.35
2017-09-11,48.06,91.9
2017-09-12,48.21,91.88
2017-09-13,49.3,92.52
2017-09-14,49.86,92.12
2017-09-15,49.9,91.87
2017-09-18,49.88,92.05
2017-09-19,49.54,91.79
2017-09-20,50.29,92.51
2017-09-21,50.58,92.19
2017-09-22,50.33,92.17
2017-09-25,51.85,92.65
2017-09-26,51.59,92.97
2017-09-27,52.14,93.36
2017-09-28,51.62,93.08
2017-09-29,51.67,93.08
2017-10-02,50.59,93.56
2017-10-03,50.44,93.57
2017-10-04,50.0,93.46
2017-10-05,50.79,93.96
2017-10-06,49.34,93.8
2017-10-09,49.58,93.67
2017-10-10,50.93,93.29
2017-10-11,51.3,93.02
2017-10-12,50.61,93.06
2017-10-13,51.43,93.09
2017-10-16,51.86,93.31
2017-10-17,51.87,93.51
2017-10-18,52.05,93.36
2017-10-19,51.29,93.16
2017-10-20,51.63,93.7
2017-10-23,51.91,93.94
2017-10-24,52.32,93.77
2017-10-25,51.97,93.71
2017-10-26,52.41,94.61
2017-10-27,53.92,94.92
2017-10-30,54.11,94.56
2017-10-31,54.36,94.55
2017-11-01,54.32,94.81
2017-11-02,54.55,94.69
2017-11-03,55.63,94.94
2017-11-06,57.34,94.76
2017-11-07,57.19,94.91
2017-11-08,56.82,94.87
2017-11-09,57.16,94.44
2017-11-10,56.75,94.39
2017-11-13,56.77,94.49
2017-11-14,55.67,93.83
2017-11-15,55.28,93.81
2017-11-16,55.14,93.93
2017-11-17,56.21,93.66
2017-11-20,56.21,94.08
2017-11-21,56.84,93.95
2017-11-22,57.88,93.22
2017-11-23,58.41,93.22
2017-11-24,58.94,92.78
2017-11-27,58.1,92.9
2017-11-28,57.96,93.27
2017-11-29,57.25,93.16
2017-11-30,57.4,93.05
2017-12-01,58.35,92.89
2017-12-04,57.48,93.19
2017-12-05,57.66,93.38
2017-12-06,55.79,93.61
2017-12-07,56.5,93.8
2017-12-08,57.15,93.9
2017-12-11,57.84,93.87
2017-12-12,57.12,94.1
2017-12-13,56.59,93.43
2017-12-14,57.0,93.49
2017-12-15,57.29,93.93
2017-12-18,57.17,93.69
2017-12-19,57.49,93.44
2017-12-20,58.09,93.31
2017-12-21,58.34,93.28
2017-12-22,58.25,93.35
2017-12-26,59.55,93.26
2017-12-27,59.67,93.03
2017-12-28,59.84,92.6
2017-12-29,60.46,92.12
2018-01-02,60.37,91.87
2018-01-03,61.61,92.16
2018-01-04,61.98,91.85
2018-01-05,61.49,91.95
2018-01-08,61.73,92.36
2018-01-09,62.92,92.53
2018-01-10,63.6,92.33
2018-01-11,63.81,91.85
2018-01-12,64.22,90.97
2018-01-15,64.02,90.97
2018-01-16,63.82,90.39
2018-01-17,63.92,90.54
2018-01-18,63.96,90.5
2018-01-19,63.38,90.57
2018-01-22,63.66,90.4
2018-01-23,64.45,90.12
2018-01-24,65.69,89.21
2018-01-25,65.62,89.39
2018-01-26,66.27,89.07
2018-01-29,65.71,89.31
2018-01-30,64.64,89.16
2018-01-31,64.82,89.13
2018-02-01,65.92,88.67
2018-02-02,65.5,89.19
2018-02-05,64.18,89.55
2018-02-06,63.48,89.58
2018-02-07,61.91,90.25
2018-02-08,61.3,90.23
2018-02-09,59.2,90.44
2018-02-12,59.41,90.21
2018-02-13,59.33,89.7
2018-02-14,60.7,89.12
2018-02-15,61.48,88.59
2018-02-16,61.89,89.1
2018-02-19,61.9,89.1
2018-02-20,61.91,89.72
2018-02-21,61.73,90.0
2018-02-22,62.72,89.74
2018-02-23,63.52,89.88
2018-02-26,63.81,89.85
2018-02-27,62.94,90.36
2018-02-28,61.43,90.61
2018-03-01,60.98,90.32
2018-03-02,61.19,89.94
2018-03-05,62.49,90.08
2018-03-06,62.54,89.62
2018-03-07,61.09,89.64
2018-03-08,60.13,90.18
2018-03-09,62.02,90.09
2018-03-12,61.35,89.89
2018-03-13,60.69,89.66
2018-03-14,60.89,89.7
2018-03-15,61.16,90.14
2018-03-16,62.29,90.23
2018-03-19,62.01,89.77
2018-03-20,63.37,90.37
2018-03-21,65.1,89.78
2018-03-22,64.25,89.86
2018-03-23,65.8,89.48
2018-03-26,65.49,89.03
2018-03-27,65.21,89.33
2018-03-28,64.3,90.06
2018-03-29,64.87,90.15
2018-04-02,63.05,90.05
2018-04-03,63.41,90.2
2018-04-04,63.35,90.14
2018-04-05,63.53,90.46
2018-04-06,62.03,90.11
2018-04-09,63.4,89.84
2018-04-10,65.48,89.59
2018-04-11,66.81,89.57
2018-04-12,67.07,89.75
2018-04-13,67.35,89.8
2018-04-16,66.23,89.42
2018-04-17,66.5,89.52
2018-04-18,68.44,89.62
2018-04-19,68.3,89.94
2018-04-20,68.26,90.32
2018-04-23,67.61,90.95
2018-04-24,67.66,90.77
2018-04-25,68.0,91.17
2018-04-26,68.18,91.56
2018-04-27,68.11,91.54
2018-04-30,68.56,91.84
2018-05-01,67.28,92.45
2018-05-02,67.91,92.51
2018-05-03,68.45,92.41
2018-05-04,69.71,92.57
2018-05-07,70.74,92.75
2018-05-08,68.83,93.12
2018-05-09,71.16,93.04
2018-05-10,71.36,92.65
2018-05-11,70.69,92.54
2018-05-14,71.01,92.59
2018-05-15,71.34,93.22
2018-05-16,71.43,93.39
2018-05-17,71.47,93.47
2018-05-18,71.23,93.64
2018-05-21,72.26,93.68
2018-05-22,72.09,93.61
2018-05-23,71.85,94.0
2018-05-24,70.77,93.76
2018-05-25,67.92,94.19
2018-05-29,66.8,94.83
2018-05-30,68.24,94.15
2018-05-31,66.98,93.98
2018-06-01,65.81,94.19
2018-06-04,64.76,94.02
2018-06-05,65.51,93.9
2018-06-06,64.75,93.66
2018-06-07,65.96,93.4
2018-06-08,65.77,93.55
2018-06-11,66.1,93.58
2018-06-12,66.38,93.8
2018-06-13,66.63,93.71
2018-06-14,66.91,94.77
2018-06-15,65.01,94.79
2018-06-18,65.91,94.8
2018-06-19,65.09,95.08
2018-06-20,65.92,95.06
2018-06-21,65.68,94.74
2018-06-22,69.02,94.52
2018-06-25,69.91,94.28
2018-06-26,75.23,94.66
2018-06-27,77.41,95.27
2018-06-28,73.45,95.39
2018-06-29,74.13,94.64
2018-07-02,73.89,95.03
2018-07-03,74.19,94.67
2018-07-04,73.62,94.67
2018-07-05,73.05,94.47
2018-07-06,73.78,94.04
2018-07-09,73.93,94.08
2018-07-10,74.11,94.15
2018-07-11,70.47,94.72
2018-07-12,70.28,94.81
2018-07-13,71.03,94.75
2018-07-16,68.22,94.51
2018-07-17,68.03,94.94
2018-07-18,68.78,95.08
2018-07-19,69.42,95.15
2018-07-20,70.31,94.45
2018-07-23,67.9,94.67
2018-07-24,70.77,94.61
2018-07-25,71.13,94.36
2018-07-26,71.59,94.75
2018-07-27,68.66,94.67
2018-07-30,71.19,94.32
2018-07-31,69.88,94.49
2018-08-01,68.8,94.62
2018-08-02,68.95,95.16
2018-08-03,68.49,95.14
2018-08-06,69.01,95.36
2018-08-07,69.17,95.22
2018-08-08,66.92,95.05
2018-08-09,66.81,95.5
2018-08-10,67.61,96.36
2018-08-13,67.25,96.39
2018-08-14,67.04,96.73
2018-08-15,65.07,96.7
2018-08-16,65.44,96.64
2018-08-17,65.93,96.1
2018-08-20,66.5,95.9
2018-08-21,67.32,95.26
2018-08-22,67.85,95.15
2018-08-23,69.13,95.67
2018-08-24,69.71,95.15
2018-08-27,69.97,94.78
2018-08-28,68.54,94.72
2018-08-29,69.68,94.6
2018-08-30,70.25,94.72
2018-08-31,69.84,95.14
2018-09-03,69.83,95.14
2018-09-04,69.82,95.44
2018-09-05,68.69,95.18
2018-09-06,67.81,95.02
2018-09-07,67.73,95.36
2018-09-10,67.55,95.15
2018-09-11,69.29,95.25
2018-09-12,70.37,94.8
2018-09-13,68.6,94.52
2018-09-14,68.98,94.93
2018-09-17,68.86,94.5
2018-09-18,69.87,94.64
2018-09-19,71.08,94.54
2018-09-20,70.77,93.91
2018-09-21,70.8,94.22
2018-09-24,73.23,94.19
2018-09-25,73.4,94.13
2018-09-26,72.22,94.19
2018-09-27,72.18,94.89
2018-09-28,73.16,95.13
2018-10-01,75.37,95.3
2018-10-02,75.16,95.51
2018-10-03,76.4,95.76
2018-10-04,74.44,95.75
2018-10-05,74.26,95.62
2018-10-08,74.27,95.76
2018-10-09,74.95,95.67
2018-10-10,73.18,95.51
2018-10-11,70.97,95.02
2018-10-12,71.41,95.22
2018-10-15,71.84,95.06
2018-10-16,71.93,95.05
2018-10-17,69.63,95.58
2018-10-18,68.63,95.9
2018-10-19,69.16,95.71
2018-10-22,69.25,96.01
2018-10-23,66.49,95.96
2018-10-24,66.56,96.43
2018-10-25,67.25,96.68
2018-10-26,67.58,96.36
2018-10-29,67.0,96.58
2018-10-30,66.18,97.01
2018-10-31,65.31,97.13
2018-11-01,63.67,96.28
2018-11-02,63.12,96.54
2018-11-05,63.12,96.28
2018-11-06,62.16,96.32
2018-11-07,61.69,96.0
2018-11-08,60.71,96.72
2018-11-09,60.19,96.91
2018-11-12,59.85,97.54
2018-11-13,55.63,97.3
2018-11-14,56.16,96.8
2018-11-15,56.45,96.93
2018-11-16,56.49,96.47
2018-11-19,57.16,96.19
2018-11-20,53.39,96.84
2018-11-21,54.41,96.71
2018-11-22,53.42666666666666,96.71
2018-11-23,52.443333333333335,96.92
2018-11-26,51.46,97.07
2018-11-27,51.31,97.37
2018-11-28,50.06,96.79
2018-11-29,51.46,96.78
2018-11-30,50.78,97.27
2018-12-03,52.98,97.04
2018-12-04,53.21,96.97
2018-12-05,52.64,97.07
2018-12-06,51.54,96.81
2018-12-07,52.76,96.51
2018-12-10,51.07,97.22
2018-12-11,51.65,97.39
2018-12-12,51.04,97.04
2018-12-13,52.69,97.06
2018-12-14,51.26,97.44
2018-12-17,49.8,97.1
2018-12-18,46.12,97.1
2018-12-19,47.96,97.03
2018-12-20,45.64,96.28
2018-12-21,45.38,96.96
2018-12-26,46.04,97.05
2018-12-27,44.48,96.48
2018-12-28,45.15,96.4
2019-01-02,46.31,96.82
2019-01-03,46.92,96.31
2019-01-04,47.76,96.18
2019-01-07,48.27,95.67
2019-01-08,49.58,95.9
2019-01-09,52.19,95.22
2019-01-10,52.42,95.54
2019-01-11,51.44,95.67
2019-01-14,50.31,95.61
2019-01-15,51.8,96.04
2019-01-16,52.08,96.06
2019-01-17,51.83,96.06
2019-01-18,53.6,96.34
2019-01-21,53.095,96.34
2019-01-22,52.59,96.3
2019-01-23,52.44,96.12
2019-01-24,52.94,96.6
2019-01-25,53.53,95.79
2019-01-28,51.79,95.75
2019-01-29,53.07,95.82
2019-01-30,54.18,95.34
2019-01-31,53.84,95.58
2019-02-01,55.29,95.58
2019-02-04,54.57,95.85
2019-02-05,53.69,96.07
2019-02-06,53.94,96.39
2019-02-07,52.68,96.51
2019-02-08,52.75,96.64
2019-02-11,52.43,97.06
2019-02-12,53.14,96.71
2019-02-13,53.84,97.13
2019-02-14,54.4,96.98
2019-02-15,55.58,96.9
2019-02-18,55.849999999999994,96.9
2019-02-19,56.12,96.52
2019-02-20,56.9,96.45
2019-02-21,56.95,96.61
2019-02-22,57.01,96.51
2019-02-25,55.32,96.41
2019-02-26,55.4,96.0
2019-02-27,56.92,96.15
2019-02-28,57.21,96.16
2019-03-01,55.76,96.53
2019-03-04,56.6,96.68
2019-03-05,56.55,96.87
2019-03-06,56.22,96.87
2019-03-07,56.6,97.67
2019-03-08,55.77,97.31
2019-03-11,56.79,97.22
2019-03-12,56.89,96.94
2019-03-13,58.27,96.55
2019-03-14,58.59,96.78
2019-03-15,58.51,96.59
2019-03-18,59.09,96.52
2019-03-19,59.12,96.38
2019-03-20,60.12,95.76
2019-03-21,59.98,96.5
2019-03-22,58.87,96.65
2019-03-25,58.71,96.57
2019-03-26,59.87,96.74
2019-03-27,59.39,96.77
2019-03-28,59.29,97.2
2019-03-29,60.19,97.28
2019-04-01,61.59,97.23
2019-04-02,62.53,97.36
2019-04-03,62.46,97.09
2019-04-04,62.12,97.31
2019-04-05,63.1,97.39
2019-04-08,64.37,97.05
2019-04-09,64.05,97.01
2019-04-10,64.62,96.95
2019-04-11,63.61,97.18
2019-04-12,63.86,96.97
2019-04-15,63.43,96.94
2019-04-16,64.01,97.04
2019-04-17,63.74,97.01
2019-04-18,64.02,97.47
2019-04-22,65.66,97.29
2019-04-23,66.24,97.64
2019-04-24,65.96,98.17
2019-04-25,65.23,98.2
2019-04-26,63.29,98.01
2019-04-29,63.39,97.86
2019-04-30,63.83,97.48
2019-05-01,63.55,97.69
2019-05-02,61.75,97.83
2019-05-03,61.98,97.52
2019-05-06,62.3,97.52
2019-05-07,61.41,97.63
2019-05-08,62.13,97.62
2019-05-09,61.58,97.37
2019-05-10,61.65,97.33
2019-05-13,60.97,97.32
2019-05-14,61.82,97.53
2019-05-15,62.03,97.57
2019-05-16,62.93,97.86
2019-05-17,62.77,98.0
2019-05-20,63.12,97.93
2019-05-21,63.02,98.06
2019-05-22,61.42,98.04
2019-05-23,57.65,97.86
2019-05-24,58.4,97.61
2019-05-28,58.91,97.95
2019-05-29,58.84,98.14
2019-05-30,56.47,98.14
2019-05-31,53.49,97.75
2019-06-03,53.25,97.14
2019-06-04,53.5,97.07
2019-06-05,51.57,97.32
2019-06-06,52.59,97.04
2019-06-07,53.95,96.54
2019-06-10,53.33,96.76
2019-06-11,53.3,96.69
2019-06-12,51.13,97.0
2019-06-13,52.38,97.01
2019-06-14,52.47,97.57
2019-06-17,51.94,97.56
2019-06-18,53.86,97.64
2019-06-19,53.74,97.12
2019-06-20,56.88,96.63
2019-06-21,57.35,96.22
2019-06-24,57.73,95.98
2019-06-25,57.63,96.14
2019-06-26,59.17,96.21
2019-06-27,59.18,96.19
2019-06-28,58.2,96.13
2019-07-01,58.91,96.84
2019-07-02,56.0,96.73
2019-07-03,57.06,96.77
2019-07-04,57.156666666666666,96.77
2019-07-05,57.25333333333334,97.29
2019-07-08,57.35,97.38
2019-07-09,57.57,97.49
2019-07-10,60.28,97.1
2019-07-11,59.93,97.05
2019-07-12,59.99,96.81
2019-07-15,59.3,96.93
2019-07-16,57.44,97.39
2019-07-17,56.5,97.22
2019-07-18,55.08,96.79
2019-07-19,55.42,97.15
2019-07-22,55.87,97.26
2019-07-23,56.58,97.7
2019-07-24,55.9,97.73
2019-07-25,55.88,97.82
2019-07-26,56.04,98.01
2019-07-29,56.85,98.04
2019-07-30,58.04,98.05
2019-07-31,58.53,98.52
2019-08-01,53.64,98.37
2019-08-02,55.67,98.07
2019-08-05,54.63,97.52
2019-08-06,53.6,97.63
2019-08-07,51.14,97.54
2019-08-08,52.6,97.62
2019-08-09,54.41,97.49
2019-08-12,54.98,97.38
2019-08-13,57.05,97.81
2019-08-14,55.16,97.99
2019-08-15,54.51,98.14
2019-08-16,54.83,98.14
2019-08-19,56.24,98.35
2019-08-20,56.18,98.19
2019-08-21,55.65,98.3
2019-08-22,55.33,98.17
2019-08-23,54.08,97.64
2019-08-26,53.54,98.08
2019-08-27,54.99,98.0
2019-08-28,55.76,98.21
2019-08-29,56.67,98.51
2019-08-30,55.07,98.92
2019-09-02,54.489999999999995,98.92
2019-09-03,53.91,99.0
2019-09-04,56.22,98.45
2019-09-05,56.33,98.41
2019-09-06,56.45,98.39
2019-09-09,57.88,98.28
2019-09-10,57.37,98.33
2019-09-11,55.66,98.64
2019-09-12,55.13,98.31
2019-09-13,54.76,98.26
2019-09-16,63.1,98.61
2019-09-17,59.26,98.26
2019-09-18,58.19,98.56
2019-09-19,58.19,98.27
2019-09-20,57.92,98.51
2019-09-23,58.69,98.6
2019-09-24,57.22,98.34
2019-09-25,56.38,99.04
2019-09-26,56.24,99.13
2019-09-27,55.95,99.11
2019-09-30,54.09,99.38
2019-10-01,53.6,99.13
2019-10-02,52.67,99.02
2019-10-03,52.41,98.86
2019-10-04,52.84,98.81
2019-10-07,52.76,98.97
2019-10-08,52.64,99.13
2019-10-09,52.63,99.12
2019-10-10,53.57,98.7
2019-10-11,54.76,98.3
2019-10-14,53.57,98.45
2019-10-15,52.81,98.29
2019-10-16,53.42,98.0
2019-10-17,53.89,97.61
2019-10-18,53.75,97.28
2019-10-21,53.28,97.33
2019-10-22,54.21,97.53
2019-10-23,55.9,97.49
2019-10-24,56.11,97.63
2019-10-25,56.52,97.83
2019-10-28,55.6,97.76
2019-10-29,55.34,97.69
2019-10-30,54.85,97.65
2019-10-31,54.02,97.35
2019-11-01,56.04,97.24
2019-11-04,56.33,97.5
2019-11-05,57.04,97.98
2019-11-06,56.15,97.95
2019-11-07,56.91,98.14
2019-11-08,57.02,98.35
2019-11-11,56.845,98.2
2019-11-12,56.67,98.31
2019-11-13,56.88,98.37
2019-11-14,56.57,98.16
2019-11-15,57.54,98.0
2019-11-18,56.82,97.79
2019-11-19,54.93,97.86
2019-11-20,56.71,97.93
2019-11-21,58.36,97.99
2019-11-22,57.68,98.27
2019-11-25,57.79,98.32
2019-11-26,58.25,98.25
2019-11-27,58.12,98.37
2019-11-28,58.12,98.37
2019-11-29,58.12,98.27
2019-12-02,55.97,97.86
2019-12-03,56.15,97.74
2019-12-04,58.46,97.65
2019-12-05,58.42,97.41
2019-12-06,59.2,97.7
2019-12-09,58.99,97.64
2019-12-10,59.22,97.41
2019-12-11,58.74,97.08
2019-12-12,59.18,97.4
2019-12-13,60.11,97.17
2019-12-16,60.21,97.02
2019-12-17,60.88,97.22
2019-12-18,60.93,97.4
2019-12-19,61.3,97.38
2019-12-20,60.43,97.69
2019-12-23,60.51,97.66
2019-12-24,61.17,97.65
2019-12-26,61.72,97.53
2019-12-27,61.76,96.92
2019-12-30,61.66,96.74
2019-12-31,61.14,96.39
2020-01-02,61.17,96.85
2020-01-03,63.0,96.84
2020-01-06,63.27,96.67
2020-01-07,62.7,97.0
2020-01-08,59.65,97.3
2020-01-09,59.56,97.45
2020-01-10,59.02,97.36
2020-01-13,58.17,97.34
2020-01-14,58.34,97.37
2020-01-15,57.86,97.23
2020-01-16,58.52,97.32
2020-01-17,58.55,97.64
2020-01-20,58.4,97.61
2020-01-21,58.25,97.53
2020-01-22,56.76,97.53
2020-01-23,55.51,97.69
2020-01-24,54.09,97.85
2020-01-27,53.09,97.96
2020-01-28,53.33,98.02
2020-01-29,53.29,97.99
2020-01-30,52.19,97.87
2020-01-31,51.58,97.39
2020-02-03,50.06,97.8
2020-02-04,49.59,97.96
2020-02-05,50.87,98.3
2020-02-06,50.94,98.5
2020-02-07,50.34,98.68
2020-02-10,49.59,98.83
2020-02-11,50.0,98.72
2020-02-12,51.13,99.05
2020-02-13,51.41,99.07
2020-02-14,52.03,99.12
2020-02-17,52.065,99.0
2020-02-18,52.1,99.44
2020-02-19,53.31,99.71
2020-02-20,53.77,99.86
2020-02-21,53.36,99.26
2020-02-24,51.36,99.36
2020-02-25,49.78,98.97
2020-02-26,48.67,99.0
2020-02-27,47.17,98.51
2020-02-28,44.83,98.13
2020-03-02,46.78,97.36
2020-03-03,47.27,97.15
2020-03-04,46.78,97.34
2020-03-05,45.9,96.82
2020-03-06,41.14,95.95
2020-03-09,31.05,94.89
2020-03-10,34.47,96.41
2020-03-11,33.13,96.51
2020-03-12,31.56,97.47
2020-03-13,31.72,98.75
2020-03-16,28.96,98.07
2020-03-17,26.96,99.57
2020-03-18,20.48,101.16
2020-03-19,25.09,102.75
2020-03-20,19.48,102.82
2020-03-23,23.33,102.49
2020-03-24,21.03,102.04
2020-03-25,20.75,101.05
2020-03-26,16.6,99.35
2020-03-27,15.48,98.36
2020-03-30,14.1,99.18
2020-03-31,20.51,99.05
2020-04-01,20.28,99.67
2020-04-02,25.18,100.18
2020-04-03,28.36,100.58
2020-04-06,26.21,100.68
2020-04-07,23.54,99.9
2020-04-08,24.97,100.12
2020-04-09,22.9,99.52
2020-04-13,22.36,99.35
2020-04-14,20.15,98.89
2020-04-15,19.96,99.46
2020-04-16,19.82,100.03
2020-04-17,18.31,99.78
2020-04-20,-36.98,99.96
2020-04-21,8.91,100.26
2020-04-22,13.64,100.39
2020-04-23,15.06,100.43
2020-04-24,15.99,100.38
2020-04-27,12.17,100.04
2020-04-28,12.4,99.86
2020-04-29,15.04,99.57
2020-04-30,19.23,99.02
2020-05-01,19.72,99.08
2020-05-04,20.47,99.48
2020-05-05,24.56,99.71
2020-05-06,23.88,100.09
2020-05-07,23.68,99.89
2020-05-08,24.73,99.73
2020-05-11,24.02,100.24
2020-05-12,25.76,99.93
2020-05-13,25.37,100.24
2020-05-14,27.4,100.47
2020-05-15,29.44,100.4
2020-05-18,31.83,99.67
2020-05-19,32.3,99.37
2020-05-20,33.56,99.12
2020-05-21,34.3,99.37
2020-05-22,33.49,99.86
2020-05-26,34.7,98.91
2020-05-27,32.8,99.06
2020-05-28,33.67,98.38
2020-05-29,35.57,98.34
2020-06-01,35.49,97.83
2020-06-02,36.88,97.67
2020-06-03,37.33,97.28
2020-06-04,37.42,96.68
2020-06-05,39.49,96.94
2020-06-08,38.17,96.62
2020-06-09,38.98,96.32
2020-06-10,39.54,95.96
2020-06-11,36.43,96.73
2020-06-12,36.24,97.32
2020-06-15,37.07,96.71
2020-06-16,38.26,96.96
2020-06-17,37.91,97.16
2020-06-18,38.79,97.42
2020-06-19,39.72,97.62
2020-06-22,40.6,97.04
2020-06-23,40.4,96.65
2020-06-24,37.91,97.15
2020-06-25,38.66,97.43
2020-06-26,38.53,97.43
2020-06-29,39.67,97.54
2020-06-30,39.27,97.39
2020-07-01,39.88,97.2
2020-07-02,40.57,97.32
2020-07-03,40.54,97.17
2020-07-06,40.51,96.72
2020-07-07,40.59,96.88
2020-07-08,40.91,96.43
2020-07-09,39.64,96.7
2020-07-10,40.56,96.65
2020-07-13,40.06,96.46
2020-07-14,40.3,96.26
2020-07-15,41.2,96.08
2020-07-16,40.74,96.35
2020-07-17,40.55,95.94
2020-07-20,40.83,95.83
2020-07-21,41.76,95.12
2020-07-22,41.88,94.99
2020-07-23,40.99,94.69
2020-07-24,41.23,94.43
2020-07-27,41.46,93.67
2020-07-28,40.89,93.7
2020-07-29,41.13,93.45
2020-07-30,39.85,93.02
2020-07-31,40.1,93.35
2020-08-03,40.83,93.54
2020-08-04,41.67,93.38
2020-08-05,42.25,92.87
2020-08-06,41.93,92.79
2020-08-07,41.16,93.43
2020-08-10,41.94,93.58
2020-08-11,41.53,93.63
2020-08-12,42.6,93.44
2020-08-13,42.26,93.33
2020-08-14,42.05,93.1
2020-08-17,42.89,92.85
2020-08-18,42.89,92.27
2020-08-19,42.91,92.89
2020-08-20,42.62,92.79
2020-08-21,42.32,93.25
2020-08-24,42.44,93.3
2020-08-25,43.17,93.02
2020-08-26,43.21,93.01
2020-08-27,42.88,93.0
2020-08-28,42.96,92.37
2020-08-31,42.61,92.14
2020-09-01,42.76,92.34
2020-09-02,42.76,92.85
2020-09-03,41.39,92.74
2020-09-04,39.69,92.72
2020-09-07,38.28,92.72
2020-09-08,36.87,93.44
2020-09-09,38.05,93.25
2020-09-10,37.25,93.34
2020-09-11,37.33,93.33
2020-09-14,37.23,93.05
2020-09-15,38.29,93.05
2020-09-16,40.17,93.21
2020-09-17,40.99,92.97
2020-09-18,41.09,92.93
2020-09-21,39.26,93.66
2020-09-22,39.55,93.99
2020-09-23,39.92,94.39
2020-09-24,40.11,94.35
2020-09-25,40.06,94.64
2020-09-28,40.47,94.28
2020-09-29,39.03,93.89
2020-09-30,40.05,93.89
2020-10-01,38.51,93.71
2020-10-02,36.9,93.84
2020-10-05,39.12,93.51
2020-10-06,40.52,93.69
2020-10-07,39.82,93.63
2020-10-08,41.04,93.61
2020-10-09,40.44,93.06
2020-10-12,39.22,93.07
2020-10-13,40.03,93.53
2020-10-14,40.86,93.38
2020-10-15,40.84,93.86
2020-10-16,40.7,93.68
2020-10-19,40.69,93.43
2020-10-20,41.37,93.07
2020-10-21,39.88,92.61
2020-10-22,40.46,92.95
2020-10-23,39.73,92.77
2020-10-26,38.39,93.04
2020-10-27,39.34,92.94
2020-10-28,37.27,93.4
2020-10-29,35.94,93.96
2020-10-30,35.64,94.04
2020-11-02,36.6,94.13
2020-11-03,37.44,93.55
2020-11-04,38.97,93.41
2020-11-05,38.56,92.53
2020-11-06,36.97,92.23
2020-11-09,40.05,92.72
2020-11-10,41.18,92.75
2020-11-11,41.23,93.04
2020-11-12,40.9,92.96
2020-11-13,39.93,92.75
2020-11-16,41.14,92.64
2020-11-17,41.24,92.42
2020-11-18,41.64,92.32
2020-11-19,41.57,92.29
2020-11-20,41.99,92.39
2020-11-23,42.91,92.5
2020-11-24,44.71,92.23
2020-11-25,45.58,91.99
2020-11-26,45.45333333333333,91.99
2020-11-27,45.32666666666667,91.79
2020-11-30,45.2,91.87
2020-12-01,44.54,91.31
2020-12-02,45.23,91.12
2020-12-03,45.65,90.71
2020-12-04,46.23,90.7
2020-12-07,45.72,90.79
2020-12-08,45.64,90.96
2020-12-09,45.48,91.09
2020-12-10,46.76,90.82
2020-12-11,46.59,90.98
2020-12-14,47.02,90.71
2020-12-15,47.58,90.47
2020-12-16,47.86,90.45
2020-12-17,48.34,89.82
2020-12-18,49.04,90.02
2020-12-21,47.79,90.04
2020-12-22,47.02,90.65
2020-12-23,47.94,90.41
2020-12-24,48.18,90.32
2020-12-28,47.5,90.34
2020-12-29,47.85,89.99
2020-12-30,48.24,89.68
2020-12-31,48.35,89.94
2021-01-04,47.47,89.87
2021-01-05,49.78,89.44
2021-01-06,50.45,89.53
2021-01-07,50.63,89.83
2021-01-08,52.14,90.1
2021-01-11,52.15,90.46
2021-01-12,53.08,90.09
2021-01-13,52.81,90.36
2021-01-14,53.47,90.24
2021-01-15,52.25,90.77
2021-01-18,52.56,90.76
2021-01-19,52.87,90.5
2021-01-20,53.16,90.47
2021-01-21,53.0,90.13
2021-01-22,52.28,90.24
2021-01-25,52.78,90.39
2021-01-26,52.61,90.17
2021-01-27,52.81,90.65
2021-01-28,52.26,90.46
2021-01-29,52.16,90.58
2021-02-01,53.55,90.98
2021-02-02,54.77,91.2
2021-02-03,55.67,91.17
2021-02-04,56.19,91.53
2021-02-05,56.8,91.04
2021-02-08,57.95,90.93
2021-02-09,58.34,90.44
2021-02-10,58.69,90.37
2021-02-11,58.22,90.42
2021-02-12,59.5,90.48
2021-02-15,59.785,90.48
2021-02-16,60.07,90.51
2021-02-17,61.09,90.95
2021-02-18,60.4,90.59
2021-02-19,59.12,90.36
2021-02-22,61.67,90.01
2021-02-23,61.66,90.17
2021-02-24,63.21,90.18
2021-02-25,63.43,90.13
2021-02-26,61.55,90.88
2021-03-01,60.54,91.04
2021-03-02,59.7,90.79
2021-03-03,61.33,90.95
2021-03-04,63.81,91.63
2021-03-05,66.08,91.98
2021-03-08,65.03,92.31
2021-03-09,64.02,91.96
2021-03-10,64.45,91.82
2021-03-11,66.02,91.42
2021-03-12,65.59,91.68
2021-03-15,65.36,91.83
2021-03-16,64.82,91.86
2021-03-17,64.55,91.44
2021-03-18,59.95,91.86
2021-03-19,61.43,91.92
2021-03-22,61.48,91.74
2021-03-23,57.75,92.34
2021-03-24,61.12,92.53
2021-03-25,58.47,92.53
2021-03-26,60.93,92.77
2021-03-29,61.49,92.94
2021-03-30,60.55,93.3
2021-03-31,59.19,93.23
2021-04-01,61.41,92.93
2021-04-05,58.73,92.6
2021-04-06,59.34,92.33
2021-04-07,59.77,92.46
2021-04-08,59.61,92.06
2021-04-09,59.29,92.16
2021-04-12,59.7,92.14
2021-04-13,60.2,91.85
2021-04-14,63.15,91.69
2021-04-15,63.42,91.69
2021-04-16,63.16,91.56
2021-04-19,63.33,91.07
2021-04-20,62.61,91.24
2021-04-21,61.34,91.15
2021-04-22,61.45,91.33
2021-04-23,62.18,90.86
2021-04-26,62.02,90.81
2021-04-27,63.03,90.91
2021-04-28,63.81,90.61
2021-04-29,65.0,90.61
2021-04-30,63.5,91.28
2021-05-03,64.46,90.94
2021-05-04,65.72,91.29
2021-05-05,65.63,91.31
2021-05-06,64.73,90.95
2021-05-07,64.96,90.23
2021-05-10,64.92,90.21
2021-05-11,65.31,90.14
2021-05-12,65.96,90.71
2021-05-13,63.82,90.75
2021-05-14,65.32,90.32
2021-05-17,66.24,90.16
2021-05-18,65.49,89.75
2021-05-19,63.28,90.19
2021-05-20,61.95,89.81
2021-05-21,63.61,90.02
2021-05-24,66.13,89.84
2021-05-25,66.27,89.64
2021-05-26,66.41,90.04
2021-05-27,66.87,89.97
2021-05-28,66.31,90.03
2021-06-01,67.8,89.83
2021-06-02,68.79,89.91
2021-06-03,68.81,90.51
2021-06-04,69.57,90.14
2021-06-07,69.21,89.95
2021-06-08,70.11,90.08
2021-06-09,69.9,90.12
2021-06-10,70.34,90.07
2021-06-11,71.0,90.56
2021-06-14,70.94,90.52
2021-06-15,72.06,90.54
2021-06-16,72.03,91.13
2021-06-17,71.06,91.89
2021-06-18,71.64,92.22
2021-06-21,73.64,91.9
2021-06-22,73.15,91.76
2021-06-23,73.11,91.8
2021-06-24,73.31,91.81
2021-06-25,74.21,91.85
2021-06-28,72.98,91.89
2021-06-29,73.14,92.05
2021-06-30,73.52,92.44
2021-07-01,75.33,92.6
2021-07-02,75.37,92.23
2021-07-05,74.495,92.21
2021-07-06,73.62,92.55
2021-07-07,72.22,92.64
2021-07-08,72.98,92.42
2021-07-09,74.56,92.13
2021-07-12,74.21,92.26
2021-07-13,75.24,92.75
2021-07-14,73.06,92.41
2021-07-15,71.67,92.62
2021-07-16,71.76,92.69
2021-07-19,66.45,92.89
2021-07-20,67.32,92.97
2021-07-21,70.26,92.75
2021-07-22,72.15,92.82
2021-07-23,72.24,92.91
2021-07-26,72.15,92.65
2021-07-27,71.68,92.43
2021-07-28,72.37,92.32
2021-07-29,73.62,91.86
2021-07-30,73.93,92.17
2021-08-02,71.31,92.05
2021-08-03,70.64,92.08
2021-08-04,68.19,92.27
2021-08-05,69.1,92.24
2021-08-06,68.26,92.8
2021-08-09,66.56,92.94
2021-08-10,68.33,93.06
2021-08-11,69.3,92.92
2021-08-12,69.12,93.04
2021-08-13,68.36,92.52
2021-08-16,67.44,92.63
2021-08-17,66.5,93.13
2021-08-18,65.36,93.14
2021-08-19,63.69,93.57
2021-08-20,62.25,93.5
2021-08-23,65.65,92.96
2021-08-24,67.5,92.89
2021-08-25,68.54,92.82
2021-08-26,67.42,93.06
2021-08-27,68.84,92.69
2021-08-30,69.28,92.65
2021-08-31,68.43,92.63
2021-09-01,68.63,92.45
2021-09-02,70.07,92.22
2021-09-03,69.34,92.04
2021-09-06,68.91499999999999,92.04
2021-09-07,68.49,92.51
2021-09-08,69.36,92.65
2021-09-09,68.26,92.48
2021-09-10,69.82,92.58
2021-09-13,70.54,92.68
2021-09-14,70.53,92.62
2021-09-15,72.59,92.55
2021-09-16,72.69,92.93
2021-09-17,72.09,93.19
2021-09-20,70.41,93.28
2021-09-21,70.51,93.2
2021-09-22,72.37,93.46
2021-09-23,73.43,93.03
2021-09-24,74.18,93.33
2021-09-27,75.54,93.38
2021-09-28,75.44,93.77
2021-09-29,75.06,94.34
2021-09-30,75.22,94.23
2021-10-01,76.01,94.04
2021-10-04,77.68,93.78
2021-10-05,79.17,93.97
2021-10-06,77.66,94.27
2021-10-07,78.46,94.22
2021-10-08,79.55,94.07
2021-10-11,80.64,94.32
2021-10-12,80.75,94.52
2021-10-13,80.67,94.08
2021-10-14,81.43,93.96
2021-10-15,82.39,93.94
2021-10-18,82.62,93.95
2021-10-19,83.19,93.73
2021-10-20,84.4,93.56
2021-10-21,82.64,93.77
2021-10-22,84.53,93.64
2021-10-25,84.64,93.81
2021-10-26,85.64,93.95
2021-10-27,82.66,93.8
2021-10-28,82.78,93.35
2021-10-29,83.5,94.12
2021-11-01,84.08,93.88
2021-11-02,83.91,94.09
2021-11-03,80.82,93.86
2021-11-04,78.88,94.35
2021-11-05,81.25,94.32
2021-11-08,81.96,94.05
2021-11-09,84.12,93.96
2021-11-10,81.23,94.85
2021-11-11,81.47,95.18
2021-11-12,80.87,95.13
2021-11-15,80.85,95.41
2021-11-16,80.76,95.92
2021-11-17,78.32,95.83
2021-11-18,78.92,95.54
2021-11-19,76.11,96.03
2021-11-22,76.74,96.55
2021-11-23,78.32,96.49
2021-11-24,78.32,96.88
2021-11-25,75.50666666666666,96.77
2021-11-26,72.69333333333333,96.09
2021-11-29,69.88,96.34
2021-11-30,66.14,95.99
2021-12-01,65.44,96.03
2021-12-02,66.6,96.16
2021-12-03,66.39,96.12
2021-12-06,69.62,96.33
2021-12-07,71.94,96.37
2021-12-08,72.43,95.89
2021-12-09,70.87,96.27
2021-12-10,71.71,96.1
2021-12-13,71.19,96.32
2021-12-14,70.57,96.57
2021-12-15,70.89,96.51
2021-12-16,72.34,96.04
2021-12-17,70.93,96.57
2021-12-20,68.69,96.55
2021-12-21,71.1,96.49
2021-12-22,72.82,96.08
2021-12-23,73.89,96.02
2021-12-24,74.69,96.055
2021-12-27,75.49,96.09
2021-12-28,76.01,96.2
2021-12-29,76.58,95.93
2021-12-30,76.83,95.97
2021-12-31,75.33,95.97
2022-01-03,75.99,96.21
2022-01-04,77.0,96.26
2022-01-05,77.83,96.17
2022-01-06,79.47,96.32
2022-01-07,79.0,95.72
2022-01-10,78.11,95.99
2022-01-11,81.17,95.62
2022-01-12,82.51,94.92
2022-01-13,81.97,94.79
2022-01-14,83.82,95.17
2022-01-17,84.62,95.26
2022-01-18,85.42,95.73
2022-01-19,86.84,95.51
2022-01-20,86.29,95.74
2022-01-21,85.16,95.64
2022-01-24,84.48,95.92
2022-01-25,86.61,95.95
2022-01-26,88.33,96.39
2022-01-27,87.61,97.25
2022-01-28,87.67,97.27
2022-01-31,89.16,96.54
2022-02-01,88.22,96.39
2022-02-02,88.16,95.94
2022-02-03,90.17,95.38
2022-02-04,92.27,95.49
2022-02-07,91.25,95.4
2022-02-08,89.32,95.64
2022-02-09,89.57,95.49
2022-02-10,89.83,95.55
2022-02-11,93.1,96.08
2022-02-14,95.52,96.37
2022-02-15,92.07,95.99
2022-02-16,93.83,95.7
2022-02-17,91.78,95.8
2022-02-18,91.26,96.04
2022-02-21,91.685,96.08
2022-02-22,92.11,96.03
2022-02-23,92.14,96.19
2022-02-24,92.77,97.14
2022-02-25,91.68,96.61
2022-02-28,96.13,96.71
2022-03-01,103.66,97.41
2022-03-02,110.74,97.39
2022-03-03,107.69,97.79
2022-03-04,115.77,98.65
2022-03-07,119.26,99.29
2022-03-08,123.64,99.06
2022-03-09,108.81,97.97
2022-03-10,105.93,98.51
2022-03-11,109.31,99.12
2022-03-14,103.22,99.0
2022-03-15,96.42,99.1
2022-03-16,94.85,98.62
2022-03-17,102.97,97.97
2022-03-18,104.69,98.23
2022-03-21,112.14,98.5
2022-03-22,111.03,98.49
2022-03-23,114.89,98.62
2022-03-24,114.2,98.79
2022-03-25,116.2,98.79
2022-03-28,107.55,99.09
2022-03-29,104.25,98.4
2022-03-30,107.81,97.79
2022-03-31,100.53,98.31
2022-04-01,99.32,98.63
2022-04-04,103.29,99.0
2022-04-05,101.98,99.47
2022-04-06,96.39,99.6
2022-04-07,96.05,99.75
2022-04-08,98.35,99.8
2022-04-11,94.22,99.93
2022-04-12,100.52,100.29
2022-04-13,104.26,99.88
2022-04-14,106.84,100.32
2022-04-18,108.24,100.78
2022-04-19,102.54,100.96
2022-04-20,102.56,100.39
2022-04-21,103.89,100.58
2022-04-22,102.86,101.22
2022-04-25,99.6,101.75
2022-04-26,102.62,102.3
2022-04-27,101.96,102.95
2022-04-28,105.47,103.62
2022-04-29,104.59,102.96
2022-05-02,105.18,103.74
2022-05-03,102.53,103.46
2022-05-04,107.84,102.59
2022-05-05,108.17,103.75
2022-05-06,109.72,103.66
2022-05-09,103.08,103.65
2022-05-10,99.74,103.92
2022-05-11,105.5,103.85
2022-05-12,106.15,104.85
2022-05-13,110.52,104.56
2022-05-16,114.07,104.19
2022-05-17,112.31,103.36
2022-05-18,109.67,103.81
2022-05-19,112.21,102.72
2022-05-20,112.63,103.15
2022-05-23,110.32,102.08
2022-05-24,112.55,101.86
2022-05-25,112.88,102.06
2022-05-26,116.19,101.83
2022-05-27,114.96,101.67
2022-05-30,114.66999999999999,101.67
2022-05-31,114.38,101.75
2022-06-01,115.26,102.5
2022-06-02,116.88,101.82
2022-06-03,118.97,102.14
2022-06-06,118.41,102.44
2022-06-07,119.55,102.32
2022-06-08,121.94,102.54
2022-06-09,121.52,103.22
2022-06-10,120.73,104.15
2022-06-13,120.92,105.08
2022-06-14,118.92,105.52
2022-06-15,115.32,105.16
2022-06-16,117.56,103.63
2022-06-17,109.56,104.7
2022-06-20,110.025,104.7
2022-06-21,110.49,104.43
2022-06-22,106.22,104.2
2022-06-23,105.75,104.43
2022-06-24,109.07,104.18
2022-06-27,111.44,103.94
2022-06-28,113.66,104.51
2022-06-29,111.65,105.11
2022-06-30,107.76,104.68
2022-07-01,110.3,105.14
2022-07-04,105.925,105.14
2022-07-05,101.55,106.54
2022-07-06,100.31,107.1
2022-07-07,104.62,107.13
2022-07-08,106.78,107.01
2022-07-11,106.09,108.02
2022-07-12,97.69,108.07
2022-07-13,98.44,107.96
2022-07-14,97.79,108.54
2022-07-15,99.59,108.06
2022-07-18,104.48,107.37
2022-07-19,106.12,106.68
2022-07-20,104.45,107.08
2022-07-21,98.44,106.91
2022-07-22,97.71,106.73
2022-07-25,99.83,106.48
2022-07-26,97.74,107.19
2022-07-27,100.03,106.45
2022-07-28,99.11,106.35
2022-07-29,101.31,105.9
2022-08-01,96.59,105.45
2022-08-02,97.14,106.24
2022-08-03,93.25,106.51
2022-08-04,91.29,105.69
2022-08-05,91.77,106.62
2022-08-08,93.52,106.43
2022-08-09,93.18,106.37
2022-08-10,94.68,105.2
2022-08-11,97.02,105.09
2022-08-12,94.86,105.63
2022-08-15,92.24,106.55
2022-08-16,89.23,106.5
2022-08-17,90.85,106.57
2022-08-18,93.2,107.48
2022-08-19,93.55,108.17
2022-08-22,93.42,109.05
2022-08-23,96.46,108.62
2022-08-24,95.52,108.68
2022-08-25,93.33,108.47
2022-08-26,93.63,108.8
2022-08-29,97.4,108.83
2022-08-30,92.08,108.77
2022-08-31,90.09,108.7
2022-09-01,87.09,109.69
2022-09-02,87.29,109.53
2022-09-05,87.32,109.83
2022-09-06,87.35,110.21
2022-09-07,82.5,109.84
2022-09-08,84.04,109.71
2022-09-09,87.27,109.0
2022-09-12,88.18,108.33
2022-09-13,87.84,109.82
2022-09-14,88.88,109.66
2022-09-15,85.72,109.74
2022-09-16,85.57,109.76
2022-09-19,86.15,109.74
2022-09-20,84.69,110.21
2022-09-21,83.38,110.64
2022-09-22,84.02,111.35
2022-09-23,79.07,113.19
2022-09-26,77.17,114.1
2022-09-27,78.91,114.11
2022-09-28,82.61,112.6
2022-09-29,81.78,112.25
2022-09-30,79.91,112.12
2022-10-03,84.05,111.75
2022-10-04,86.87,110.07
2022-10-05,88.22,111.07
2022-10-06,88.9,112.26
2022-10-07,93.07,112.79
2022-10-10,91.6,113.14
2022-10-11,89.75,113.22
2022-10-12,87.83,113.32
2022-10-13,89.59,112.36
2022-10-14,86.1,113.31
2022-10-17,86.0,112.04
2022-10-18,83.29,112.13
2022-10-19,86.0,112.98
2022-10-20,86.02,112.88
2022-10-21,85.47,112.01
2022-10-24,86.12,111.99
2022-10-25,86.93,110.95
2022-10-26,89.39,109.7
2022-10-27,89.06,110.59
2022-10-28,87.85,110.75
2022-10-31,86.54,111.53
2022-11-01,88.36,111.48
2022-11-02,90.06,111.35
2022-11-03,88.14,112.93
2022-11-04,92.58,110.88
2022-11-07,91.8,110.12
2022-11-08,88.8,109.64
2022-11-09,85.79,110.55
2022-11-10,86.52,108.21
2022-11-11,89.14,106.29
2022-11-14,85.85,106.66
2022-11-15,86.87,106.4
2022-11-16,85.62,106.28
2022-11-17,81.69,106.69
2022-11-18,80.07,106.93
2022-11-21,79.74,107.83
2022-11-22,80.83,107.22
2022-11-23,77.93,106.08
2022-11-24,77.19,105.82
2022-11-25,76.45,105.96
2022-11-28,77.1,106.68
2022-11-29,77.96,106.82
2022-11-30,80.48,105.95
2022-12-01,81.06,104.73
2022-12-02,79.86,104.54
2022-12-05,76.83,105.29
2022-12-06,74.21,105.58
2022-12-07,71.93,105.1
2022-12-08,71.3,104.77
2022-12-09,71.05,104.81
2022-12-12,72.96,105.13
2022-12-13,75.44,103.98
2022-12-14,77.14,103.77
2022-12-15,75.89,104.56
2022-12-16,74.19,104.7
2022-12-19,75.05,104.72
2022-12-20,75.92,103.96
2022-12-21,78.17,104.16
2022-12-22,77.68,104.43
2022-12-23,79.57,104.31
2022-12-27,79.45,104.18
2022-12-28,78.89,104.46
2022-12-29,78.43,103.84
2022-12-30,80.16,103.52
2023-01-03,76.87,104.52
2023-01-04,72.82,104.25
2023-01-05,73.61,105.04
2023-01-06,73.77,103.88
2023-01-09,74.69,103.0
2023-01-10,75.11,103.24
2023-01-11,77.46,103.19
2023-01-12,78.32,102.25
2023-01-13,79.9,102.2
2023-01-16,80.075,102.27
2023-01-17,80.25,102.39
2023-01-18,79.53,102.36
2023-01-19,80.31,102.06
2023-01-20,81.27,102.01
2023-01-23,81.62,102.14
2023-01-24,79.86,101.92
2023-01-25,79.78,101.64
2023-01-26,80.64,101.84
2023-01-27,79.73,101.93
2023-01-30,77.97,102.28
2023-01-31,78.95,102.1
2023-02-01,76.34,101.22
2023-02-02,75.87,101.75
2023-02-03,73.4,102.92
2023-02-06,74.11,103.62
2023-02-07,77.17,103.43
2023-02-08,78.47,103.41
2023-02-09,78.04,103.22
2023-02-10,79.74,103.63
2023-02-13,80.14,103.35
2023-02-14,79.08,103.23
2023-02-15,78.57,103.92
2023-02-16,78.45,103.86
2023-02-17,76.31,103.86
2023-02-20,76.295,103.86
2023-02-21,76.28,104.18
2023-02-22,73.95,104.58
2023-02-23,75.26,104.6
2023-02-24,76.19,105.21
2023-02-27,75.57,104.67
2023-02-28,76.88,104.87
2023-03-01,77.57,104.48
2023-03-02,78.05,105.03
2023-03-03,79.62,104.52
2023-03-06,80.39,104.35
2023-03-07,77.45,105.61
2023-03-08,76.56,105.66
2023-03-09,75.6,105.31
2023-03-10,76.55,104.58
2023-03-13,74.68,103.6
2023-03-14,71.18,103.6
2023-03-15,67.38,104.65
2023-03-16,68.15,104.42
2023-03-17,66.61,103.71
2023-03-20,67.56,103.28
2023-03-21,69.4,103.26
2023-03-22,70.71,102.35
2023-03-23,69.77,102.53
2023-03-24,69.22,103.12
2023-03-27,72.87,102.86
2023-03-28,73.12,102.43
2023-03-29,72.95,102.64
2023-03-30,74.32,102.14
2023-03-31,75.68,102.51
2023-04-03,80.4,102.09
2023-04-04,80.7,101.59
2023-04-05,80.69,101.85
2023-04-06,80.7,101.82
2023-04-10,79.79,102.58
2023-04-11,81.54,102.2
2023-04-12,83.26,101.5
2023-04-13,82.16,101.01
2023-04-14,82.58,101.55
2023-04-17,80.93,102.1
2023-04-18,80.85,101.75
2023-04-19,79.18,101.97
2023-04-20,77.27,101.84
2023-04-21,77.86,101.82
2023-04-24,78.64,101.35
2023-04-25,77.05,101.86
2023-04-26,74.33,101.47
2023-04-27,74.77,101.5
2023-04-28,76.78,101.66
2023-05-01,75.65,102.15
2023-05-02,71.71,101.96
2023-05-03,68.62,101.34
2023-05-04,68.52,101.4
2023-05-05,71.32,101.21
2023-05-08,73.13,101.38
2023-05-09,73.68,101.61
2023-05-10,72.53,101.48
2023-05-11,70.81,102.06
2023-05-12,70.02,102.68
2023-05-15,71.07,102.43
2023-05-16,70.85,102.56
2023-05-17,72.78,102.88
2023-05-18,71.82,103.58
2023-05-19,71.57,103.2
2023-05-22,71.81,103.2
2023-05-23,72.87,103.49
2023-05-24,74.37,103.89
2023-05-25,71.68,104.25
2023-05-26,72.35,104.21
2023-05-30,69.45,104.17
2023-05-31,68.11,104.33
2023-06-01,70.09,103.56
2023-06-02,71.76,104.01
2023-06-05,72.14,104.0
2023-06-06,71.71,104.13
2023-06-07,72.52,104.1
2023-06-08,71.28,103.34
2023-06-09,70.16,103.56
2023-06-12,67.08,103.65
2023-06-13,69.39,103.34
2023-06-14,68.22,102.95
2023-06-15,70.61,102.11
2023-06-16,71.81,102.24
2023-06-19,71.375,102.52
2023-06-20,70.94,102.54
2023-06-21,72.55,102.07
2023-06-22,69.22,102.39
2023-06-23,68.91,102.9
2023-06-26,69.09,102.69
2023-06-27,67.68,102.49
2023-06-28,69.54,102.9
2023-06-29,69.85,103.34
2023-06-30,70.66,102.91
2023-07-03,69.71,102.96
2023-07-04,70.745,103.04
2023-07-05,71.78,103.37
2023-07-06,71.76,103.07
2023-07-07,73.91,102.27
2023-07-10,73.05,101.97
2023-07-11,74.87,101.73
2023-07-12,75.77,100.52
2023-07-13,76.86,99.77
2023-07-14,75.44,99.91
2023-07-17,74.17,99.84
2023-07-18,75.76,99.94
2023-07-19,75.4,100.28
2023-07-20,75.65,100.88
2023-07-21,77.06,101.07
2023-07-24,78.81,101.35
2023-07-25,79.76,101.35
2023-07-26,79.11,100.89
2023-07-27,80.17,101.77
2023-07-28,80.55,101.62
2023-07-31,81.8,101.86
2023-08-01,81.37,102.3
2023-08-02,79.5,102.59
2023-08-03,81.56,102.54
2023-08-04,82.76,102.02
2023-08-07,81.94,102.05
2023-08-08,82.94,102.53
2023-08-09,84.35,102.49
2023-08-10,82.81,102.52
2023-08-11,83.17,102.84
2023-08-14,82.5,103.19
2023-08-15,81.06,103.21
2023-08-16,79.4,103.43
2023-08-17,80.43,103.57
2023-08-18,81.25,103.38
2023-08-21,80.71,103.3
2023-08-22,80.25,103.56
2023-08-23,78.91,103.42
2023-08-24,79.52,103.98
2023-08-25,80.47,104.08
2023-08-28,80.65,104.06
2023-08-29,81.14,103.53
2023-08-30,81.64,103.16
2023-08-31,83.55,103.62
2023-09-01,85.52,104.24
2023-09-04,86.13,104.24
2023-09-05,86.74,104.81
2023-09-06,87.55,104.86
2023-09-07,86.87,105.06
2023-09-08,87.51,105.09
2023-09-11,87.3,104.57
2023-09-12,88.87,104.71
2023-09-13,88.59,104.77
2023-09-14,90.13,105.4
2023-09-15,90.83,105.32
2023-09-18,91.47,105.2
2023-09-19,91.16,105.16
2023-09-20,89.2,105.12
2023-09-21,89.56,105.36
2023-09-22,90.0,105.58
2023-09-25,89.68,106.0
2023-09-26,91.43,106.23
2023-09-27,93.67,106.67
2023-09-28,91.65,106.22
2023-09-29,90.77,106.22
2023-10-02,88.81,106.9
2023-10-03,89.26,107.0
2023-10-04,84.32,106.8
2023-10-05,82.3,106.33
2023-10-06,82.83,106.04
2023-10-09,84.36,106.08
2023-10-10,85.89,105.82
2023-10-11,83.7,105.82
2023-10-12,82.87,106.6
2023-10-13,87.67,106.65
2023-10-16,86.65,106.24
2023-10-17,86.66,106.25
2023-10-18,88.35,106.57
2023-10-19,89.35,106.25
2023-10-20,89.12,106.16
2023-10-23,85.49,105.54
2023-10-24,84.58,106.27
2023-10-25,86.07,106.53
2023-10-26,83.8,106.6
2023-10-27,86.04,106.56
2023-10-30,83.03,106.12
2023-10-31,81.64,106.66
2023-11-01,81.05,106.88
2023-11-02,83.04,106.12
2023-11-03,81.19,105.02
2023-11-06,81.54,105.21
2023-11-07,77.96,105.54
2023-11-08,75.85,105.59
2023-11-09,76.34,105.91
2023-11-10,77.6,105.86
2023-11-13,78.86,105.63
2023-11-14,78.9,104.05
2023-11-15,77.15,104.39
2023-11-16,73.5,104.35
2023-11-17,76.47,103.92
2023-11-20,78.1,103.44
2023-11-21,78.35,103.57
2023-11-22,76.8,103.92
2023-11-23,75.815,103.77
2023-11-24,74.83,103.4
2023-11-27,74.46,103.2
2023-11-28,76.09,102.75
2023-11-29,77.56,102.76
2023-11-30,75.66,103.5
2023-12-01,73.7,103.27
2023-12-04,72.73,103.71
2023-12-05,71.95,104.05
2023-12-06,68.98,104.15
2023-12-07,69.0,103.54
2023-12-08,70.87,104.01
2023-12-11,70.95,104.1
2023-12-12,68.27,103.86
2023-12-13,69.09,102.87
2023-12-14,71.21,101.96
2023-12-15,71.05,102.55
2023-12-18,72.16,102.56
2023-12-19,73.23,102.17
2023-12-20,73.87,102.41
2023-12-21,73.59,101.84
2023-12-22,73.29,101.7
2023-12-26,75.84,101.47
2023-12-27,74.31,100.99
2023-12-28,72.02,101.23
2023-12-29,71.89,101.33
2024-01-02,70.62,102.2
2024-01-03,72.97,102.49
2024-01-04,72.38,102.42
2024-01-05,74.0,102.41
2024-01-08,71.06,102.21
2024-01-09,72.43,102.57
2024-01-10,71.57,102.36
2024-01-11,72.15,102.29
2024-01-12,72.94,102.4
2024-01-15,72.785,102.4
2024-01-16,72.63,103.36
2024-01-17,72.79,103.45
2024-01-18,74.32,103.54
2024-01-19,73.69,103.29
2024-01-22,75.26,103.33
2024-01-23,74.72,103.62
2024-01-24,75.48,103.24
2024-01-25,77.91,103.57
2024-01-26,78.45,103.43
2024-01-29,77.25,103.61
2024-01-30,78.3,103.4
2024-01-31,76.28,103.27
2024-02-01,74.36,103.05
2024-02-02,72.72,103.92
2024-02-05,73.21,104.45
2024-02-06,73.83,104.21
2024-02-07,74.26,104.06
2024-02-08,76.67,104.17
2024-02-09,77.26,104.11
2024-02-12,77.34,104.17
2024-02-13,78.28,104.96
2024-02-14,77.09,104.72
2024-02-15,78.47,104.3
2024-02-16,79.65,104.3
2024-02-19,79.185,104.29
2024-02-20,78.72,104.08
2024-02-21,78.89,104.01
2024-02-22,79.64,103.96
2024-02-23,77.6,103.94
2024-02-26,78.53,103.83
2024-02-27,79.8,103.83
2024-02-28,79.44,103.97
2024-02-29,79.22,104.16
2024-03-01,80.9,103.86
2024-03-04,79.67,103.83
2024-03-05,79.11,103.8
2024-03-06,80.08,103.37
2024-03-07,79.81,102.82
2024-03-08,78.96,102.71
2024-03-11,78.87,102.87
2024-03-12,78.51,102.96
2024-03-13,80.67,102.79
2024-03-14,82.16,103.36
2024-03-15,81.94,103.43
2024-03-18,83.68,103.59
2024-03-19,84.39,103.84
2024-03-20,82.79,103.41
2024-03-21,81.99,104.0
2024-03-22,81.1,104.47
2024-03-25,82.41,104.24
2024-03-26,82.41,104.29
2024-03-27,82.15,104.35
2024-03-28,83.96,104.55
2024-04-01,84.54,105.02
2024-04-02,85.95,104.82
2024-04-03,86.22,104.25
2024-04-04,87.37,104.12
2024-04-05,87.69,104.3
2024-04-08,87.24,104.14
2024-04-09,86.04,104.15
2024-04-10,86.98,105.25
2024-04-11,85.79,105.28
