Date,Oilprice,us-index
1/3/2005,42.16,81.3
1/4/2005,43.96,82.57
1/5/2005,43.41,82.54
1/6/2005,45.51,83.15
1/7/2005,45.32,83.61
1/10/2005,45.31,83.29
1/11/2005,45.66,83.02
1/12/2005,46.46,82.14
1/13/2005,48.11,82.51
1/14/2005,48.41,83.06
1/17/2005,,83.06
1/18/2005,48.46,83.36
1/19/2005,47.61,83.6
1/20/2005,47.01,83.84
1/21/2005,48.31,83.26
1/24/2005,48.61,83.24
1/25/2005,49.43,83.99
1/26/2005,48.8,83.3
1/27/2005,48.8,83.43
1/28/2005,47.15,83.48
1/31/2005,48.25,83.6
2/1/2005,47.1,83.45
2/2/2005,46.65,83.52
2/3/2005,46.4,83.97
2/4/2005,46.45,84.39
2/7/2005,45.35,85.04
2/8/2005,45.4,85.1
2/9/2005,45.45,85.02
2/10/2005,47.05,84.54
2/11/2005,47.15,84.57
2/14/2005,47.5,83.96
2/15/2005,47.3,83.59
2/16/2005,48.35,83.67
2/17/2005,47.5,83.47
2/18/2005,48.45,83.49
2/21/2005,,83.55
2/22/2005,51,82.41
2/23/2005,51.73,82.68
2/24/2005,52.05,82.88
2/25/2005,52.2,82.66
2/28/2005,51.75,82.51
3/1/2005,51.67,82.77
3/2/2005,53,83.08
3/3/2005,53.6,83.28
3/4/2005,53.7,82.54
3/7/2005,53.9,82.79
3/8/2005,54.55,81.98
3/9/2005,54.75,81.63
3/10/2005,53.52,81.57
3/11/2005,54.4,81.42
3/14/2005,54.9,81.97
3/15/2005,55.05,82.12
3/16/2005,56.5,81.62
3/17/2005,56.4,81.84
3/18/2005,56.8,82.13
3/21/2005,56.7,82.88
3/22/2005,55.95,83.36
3/23/2005,49.43,84
3/24/2005,49.7,84.13
3/28/2005,54.06,84.62
3/29/2005,54.26,84.32
3/30/2005,53.96,84.29
3/31/2005,55.31,84.06
4/1/2005,57.26,84.43
4/4/2005,56.86,84.78
4/5/2005,55.83,84.66
4/6/2005,55.88,84.68
4/7/2005,54.16,84.87
4/8/2005,53.46,84.47
4/11/2005,53.71,84.16
4/12/2005,51.54,84.42
4/13/2005,50.21,84.42
4/14/2005,51.11,85
4/15/2005,50.61,84.56
4/18/2005,50.52,84
4/19/2005,52.33,83.76
4/20/2005,52.45,83.52
4/21/2005,52.49,83.7
4/22/2005,54.16,83.5
4/25/2005,53.16,83.82
4/26/2005,54.33,83.96
4/27/2005,51.37,84.12
4/28/2005,51.92,84.35
4/29/2005,49.2,84.43
5/2/2005,50.94,84.49
5/3/2005,49.6,84.51
5/4/2005,50.22,84
5/5/2005,51.12,83.94
5/6/2005,51.3,84.61
5/9/2005,52.04,84.64
5/10/2005,51.76,84.45
5/11/2005,50.39,84.94
5/12/2005,48.83,85.49
5/13/2005,48.65,86.1
5/16/2005,48.64,86.12
5/17/2005,48.97,86.21
5/18/2005,46.99,85.82
5/19/2005,47,86.09
5/20/2005,47.25,86.63
5/23/2005,48.68,86.4
5/24/2005,49.14,86.37
5/25/2005,50.37,86.35
5/26/2005,50.89,86.85
5/27/2005,51.65,86.42
5/30/2005,,#N/A
5/31/2005,52.08,87.76
6/1/2005,54.4,88.11
6/2/2005,53.46,87.75
6/3/2005,55.08,88.04
6/6/2005,54.46,87.6
6/7/2005,53.84,87.49
6/8/2005,52.51,87.88
6/9/2005,54.36,88.07
6/10/2005,53.55,88.69
6/13/2005,55.47,88.95
6/14/2005,55.03,89.26
6/15/2005,55.53,88.65
6/16/2005,56.48,88.72
6/17/2005,58.4,87.73
6/20/2005,59.19,88.49
6/21/2005,58.9,88.18
6/22/2005,58.27,88.56
6/23/2005,59.23,89.12
6/24/2005,59.63,88.78
6/27/2005,59.78,88.45
6/28/2005,58.32,88.99
6/29/2005,57.23,89.11
6/30/2005,56.63,89.11
7/1/2005,59.11,90.13
7/4/2005,,90.43
7/5/2005,59.71,90.44
7/6/2005,61.24,90.38
7/7/2005,60.76,90.28
7/8/2005,59.71,90.25
7/11/2005,59.23,89.46
7/12/2005,60.49,88.41
7/13/2005,60,89.31
7/14/2005,57.83,89.4
7/15/2005,58.36,89.72
7/18/2005,57.12,89.64
7/19/2005,57.61,89.85
7/20/2005,56.73,89.34
7/21/2005,57.31,88.93
7/22/2005,57.75,89.64
7/25/2005,58.16,89.6
7/26/2005,59.05,90
7/27/2005,59.12,89.73
7/28/2005,59.91,89.34
7/29/2005,60.71,89.35
8/1/2005,61.51,88.8
8/2/2005,61.87,88.76
8/3/2005,60.76,87.99
8/4/2005,61.6,87.8
8/5/2005,62.44,88.06
8/8/2005,63.92,87.92
8/9/2005,63.13,87.89
8/10/2005,64.8,87.61
8/11/2005,65.67,87.1
8/12/2005,66.71,86.98
8/15/2005,66.21,87.32
8/16/2005,66.11,87.43
8/17/2005,63.29,88
8/18/2005,63.47,88.59
8/19/2005,65.51,88.58
8/22/2005,65.46,88.14
8/23/2005,65.81,88.08
8/24/2005,67.1,87.91
8/25/2005,67.29,87.64
8/26/2005,66.05,87.86
8/29/2005,67.41,88.25
8/30/2005,69.91,88.35
8/31/2005,68.63,87.58
9/1/2005,69.5,86.55
9/2/2005,66.91,86.3
9/5/2005,,#N/A
9/6/2005,65.83,86.57
9/7/2005,64.38,86.97
9/8/2005,64.8,87.04
9/9/2005,64.21,86.89
9/12/2005,63.29,87.71
9/13/2005,63.18,87.75
9/14/2005,65.2,87.67
9/15/2005,64.64,88.13
9/16/2005,62.91,88.05
9/19/2005,67.21,88.44
9/20/2005,66.24,88.6
9/21/2005,66.96,88.14
9/22/2005,67.07,88.56
9/23/2005,64.67,89.21
9/26/2005,65.98,89.11
9/27/2005,64.94,89.6
9/28/2005,66.36,89.47
9/29/2005,66.83,89.4
9/30/2005,66.21,89.52
10/3/2005,65.36,90.13
10/4/2005,63.74,90.1
10/5/2005,62.56,89.98
10/6/2005,61.81,88.66
10/7/2005,61.81,89.17
10/10/2005,60.71,89.46
10/11/2005,63.84,89.97
10/12/2005,64.13,89.63
10/13/2005,63.05,89.81
10/14/2005,62.61,89.35
10/17/2005,64.26,89.8
10/18/2005,62.94,90.29
10/19/2005,62.11,89.99
10/20/2005,61.04,89.91
10/21/2005,61.05,90.31
10/24/2005,60.63,90.11
10/25/2005,62.83,89.24
10/26/2005,60.85,89.49
10/27/2005,61.03,89.1
10/28/2005,61.3,89.59
10/31/2005,59.8,90.07
11/1/2005,59.85,90.08
11/2/2005,59.75,89.72
11/3/2005,61.7,90.44
11/4/2005,60.6,91.26
11/7/2005,59.4,91.29
11/8/2005,59.7,91.37
11/9/2005,59.65,91.5
11/10/2005,57.8,92.08
11/11/2005,57.45,91.98
11/14/2005,57.6,92.13
11/15/2005,57.05,92.09
11/16/2005,57.85,92.33
11/17/2005,56.2,91.88
11/18/2005,56.3,91.93
11/21/2005,57.75,92.03
11/22/2005,58.3,91.5
11/23/2005,58.35,91.51
11/24/2005,,#N/A
11/25/2005,,92.04
11/28/2005,57.36,90.98
11/29/2005,56.46,91.62
11/30/2005,57.33,91.57
12/1/2005,58.46,91.82
12/2/2005,59.31,91.95
12/5/2005,59.91,91.48
12/6/2005,59.96,91.44
12/7/2005,59.21,91.89
12/8/2005,60.66,91.26
12/9/2005,59.41,91.25
12/12/2005,61.36,90.35
12/13/2005,61.36,90.38
12/14/2005,60.86,89.83
12/15/2005,60.01,90.02
12/16/2005,58.01,89.7
12/19/2005,57.31,89.87
12/20/2005,57.81,90.78
12/21/2005,58.56,90.94
12/22/2005,58.08,90.72
12/23/2005,58.08,90.84
12/26/2005,,#N/A
12/27/2005,58.16,91.19
12/28/2005,59.81,91.26
12/29/2005,60.26,91.1
12/30/2005,61.06,91.17
1/3/2006,63.11,89.84
1/4/2006,63.41,89.14
1/5/2006,62.81,89.33
1/6/2006,64.21,88.85
1/9/2006,63.56,89.25
1/10/2006,63.41,89.33
1/11/2006,63.91,88.99
1/12/2006,63.96,89.44
1/13/2006,63.86,88.89
1/16/2006,,#N/A
1/17/2006,66.36,89.3
1/18/2006,65.76,89.26
1/19/2006,66.86,89.39
1/20/2006,68.16,88.95
1/23/2006,68.06,87.95
1/24/2006,66.83,88.06
1/25/2006,65.6,88.33
1/26/2006,65.8,88.62
1/27/2006,67.81,89.32
1/30/2006,68.36,89.42
1/31/2006,67.86,88.96
2/1/2006,66.61,89.51
2/2/2006,64.71,89.37
2/3/2006,65.41,89.89
2/6/2006,65.11,90.29
2/7/2006,63.01,90.24
2/8/2006,62.51,90.43
2/9/2006,62.66,90.29
2/10/2006,62.01,90.55
2/13/2006,61.26,90.54
2/14/2006,59.61,90.54
2/15/2006,57.61,90.72
2/16/2006,58.61,90.73
2/17/2006,59.76,90.64
2/20/2006,,#N/A
2/21/2006,61.21,90.55
2/22/2006,59.03,90.67
2/23/2006,58.03,90.39
2/24/2006,61.46,90.61
2/27/2006,61.01,90.63
2/28/2006,61.37,90.11
3/1/2006,62.01,90.22
3/2/2006,63.36,89.56
3/3/2006,63.61,89.66
3/6/2006,62.46,89.89
3/7/2006,61.51,90.77
3/8/2006,60.06,90.62
3/9/2006,60.51,90.75
3/10/2006,59.91,90.85
3/13/2006,61.81,90.54
3/14/2006,63.01,90
3/15/2006,62.11,89.7
3/16/2006,63.46,89.07
3/17/2006,62.81,88.92
3/20/2006,60.31,89.13
3/21/2006,60.41,89.62
3/22/2006,60.03,89.72
3/23/2006,62.13,90.46
3/24/2006,63.9,90.07
3/27/2006,63.75,90.07
3/28/2006,65.65,90.25
3/29/2006,66,90.25
3/30/2006,66.7,89.39
3/31/2006,66.25,89.73
4/3/2006,66.07,89.63
4/4/2006,65.75,88.83
4/5/2006,66.76,88.63
4/6/2006,67.22,88.96
4/7/2006,67.02,89.63
4/10/2006,68.29,89.72
4/11/2006,69.03,89.44
4/12/2006,68.53,89.62
4/13/2006,69.53,89.62
4/17/2006,70.3,88.64
4/18/2006,71.28,88.24
4/19/2006,72.07,87.79
4/20/2006,71.96,88.25
4/21/2006,73.73,88.05
4/24/2006,70.19,87.45
4/25/2006,67.43,87.32
4/26/2006,71.71,87.22
4/27/2006,70.76,86.63
4/28/2006,71.8,86.11
5/1/2006,73.75,85.97
5/2/2006,74.62,85.79
5/3/2006,72.26,85.84
5/4/2006,69.98,85.84
5/5/2006,70.09,85.12
5/8/2006,69.75,85.23
5/9/2006,70.71,84.83
5/10/2006,72.15,84.5
5/11/2006,73,84.27
5/12/2006,71.87,83.96
5/15/2006,69.25,84.54
5/16/2006,69.4,84.17
5/17/2006,68.65,84.85
5/18/2006,69.63,84.51
5/19/2006,68.44,84.88
5/22/2006,69.23,84.35
5/23/2006,70.78,84.35
5/24/2006,69.47,84.95
5/25/2006,70.92,84.65
5/26/2006,71.35,85.26
5/29/2006,,#N/A
5/30/2006,71.85,84.28
5/31/2006,71.42,84.72
6/1/2006,70.11,84.79
6/2/2006,72.73,84.05
6/5/2006,72.5,84.14
6/6/2006,72.43,84.73
6/7/2006,70.9,84.99
6/8/2006,70.25,85.91
6/9/2006,71.62,85.72
6/12/2006,70.28,85.85
6/13/2006,68.48,86.43
6/14/2006,69.12,86.14
6/15/2006,69.78,86.02
6/16/2006,69.75,85.92
6/19/2006,69.21,86.31
6/20/2006,69.3,86.18
6/21/2006,70.07,85.78
6/22/2006,70.62,86.39
6/23/2006,70.5,86.82
6/26/2006,71.63,86.49
6/27/2006,72.05,86.47
6/28/2006,72.15,86.63
6/29/2006,73.5,85.87
6/30/2006,73.94,85.22
7/3/2006,,85.18
7/4/2006,,#N/A
7/5/2006,75.2,85.6
7/6/2006,75,85.35
7/7/2006,73.76,84.98
7/10/2006,73.5,85.5
7/11/2006,74.05,85.36
7/12/2006,74.99,85.91
7/13/2006,76.7,85.79
7/14/2006,76.8,86.09
7/17/2006,75.7,86.96
7/18/2006,73.87,87.01
7/19/2006,72.79,86.46
7/20/2006,74,86.22
7/21/2006,73.52,85.93
7/24/2006,74.29,86.34
7/25/2006,73.46,86.64
7/26/2006,73.82,85.93
7/27/2006,74.5,85.87
7/28/2006,73.3,85.44
7/31/2006,74.56,85.3
8/1/2006,74.93,85.05
8/2/2006,76.16,85.05
8/3/2006,75.59,85.02
8/4/2006,74.78,84.57
8/7/2006,77.05,84.75
8/8/2006,76.29,84.66
8/9/2006,76.28,84.71
8/10/2006,74.17,85.08
8/11/2006,74.38,85.52
8/14/2006,73.33,85.64
8/15/2006,72.95,85.22
8/16/2006,71.64,84.88
8/17/2006,70.12,85.04
8/18/2006,70.93,85.09
8/21/2006,72.45,84.63
8/22/2006,72.55,85.18
8/23/2006,71.45,85.13
8/24/2006,72.02,85.28
8/25/2006,72.13,85.38
8/28/2006,70.47,85.23
8/29/2006,69.74,84.91
8/30/2006,70.2,84.97
8/31/2006,70.38,85.05
9/1/2006,69.24,84.94
9/4/2006,,#N/A
9/5/2006,68.7,85
9/6/2006,67.75,85.1
9/7/2006,67.37,85.53
9/8/2006,66.3,85.95
9/11/2006,65.42,85.92
9/12/2006,63.81,85.92
9/13/2006,64.09,85.87
9/14/2006,63.27,85.66
9/15/2006,63.3,85.99
9/18/2006,63.84,85.81
9/19/2006,61.77,85.94
9/20/2006,60,85.81
9/21/2006,61.62,85.18
9/22/2006,59.79,85.2
9/25/2006,60.74,85.29
9/26/2006,60.63,85.63
9/27/2006,62.96,85.66
9/28/2006,62.46,85.72
9/29/2006,62.9,85.97
10/2/2006,60.96,85.59
10/3/2006,58.64,85.71
10/4/2006,59.53,85.84
10/5/2006,60.02,85.92
10/6/2006,59.68,86.44
10/9/2006,59.93,86.52
10/10/2006,58.5,87.02
10/11/2006,57.56,87.12
10/12/2006,58.23,86.92
10/13/2006,58.69,87.12
10/16/2006,59.91,87
10/17/2006,58.91,86.87
10/18/2006,57.66,86.88
10/19/2006,58.55,86.24
10/20/2006,57.35,86.27
10/23/2006,56.74,86.71
10/24/2006,57.55,86.63
10/25/2006,59.09,86.38
10/26/2006,60.27,85.89
10/27/2006,60.75,85.56
10/30/2006,58.41,85.59
10/31/2006,58.72,85.32
11/1/2006,58.64,85.32
11/2/2006,57.87,85.34
11/3/2006,59.13,85.71
11/6/2006,60.11,85.75
11/7/2006,58.94,85.43
11/8/2006,59.93,85.41
11/9/2006,61.18,85.18
11/10/2006,59.66,85.05
11/13/2006,58.59,85.36
11/14/2006,58.28,85.24
11/15/2006,58.79,85.34
11/16/2006,56.23,85.5
11/17/2006,55.9,85.37
11/20/2006,56.42,85.42
11/21/2006,58.01,85.24
11/22/2006,57.28,84.65
11/23/2006,,84.48
11/24/2006,,83.71
11/27/2006,60.3,83.51
11/28/2006,60.97,83.21
11/29/2006,62.45,83.44
11/30/2006,62.97,82.92
12/1/2006,63.43,82.48
12/4/2006,62.39,82.49
12/5/2006,62.4,82.45
12/6/2006,62.2,82.77
12/7/2006,62.54,82.8
12/8/2006,62.06,83.33
12/11/2006,61.26,83.12
12/12/2006,61.06,82.97
12/13/2006,61.34,82.97
12/14/2006,62.48,83.65
12/15/2006,63.4,84.06
12/18/2006,62.19,83.98
12/19/2006,62.87,83.46
12/20/2006,63.08,83.52
12/21/2006,62.05,83.57
12/22/2006,61.81,83.94
12/26/2006,61.07,84.07
12/27/2006,60.31,83.94
12/28/2006,60.39,83.82
12/29/2006,60.85,83.72
1/2/2007,60.77,83.2
1/3/2007,58.31,83.92
1/4/2007,55.65,84.32
1/5/2007,56.29,84.63
1/8/2007,56.08,84.6
1/9/2007,55.65,84.74
1/10/2007,53.95,85.08
1/11/2007,51.91,85.31
1/12/2007,52.96,85.03
1/16/2007,51.23,85.05
1/17/2007,52.3,84.98
1/18/2007,50.51,84.91
1/19/2007,51.98,84.86
1/22/2007,51.11,85.02
1/23/2007,53.61,84.67
1/24/2007,54.24,84.94
1/25/2007,53.49,85.11
1/26/2007,55.38,85.28
1/29/2007,54.01,85.1
1/30/2007,57.03,85.03
1/31/2007,58.17,84.61
2/1/2007,57.35,84.63
2/2/2007,59.01,84.96
2/5/2007,58.69,85.08
2/6/2007,58.91,84.78
2/7/2007,57.75,84.75
2/8/2007,59.76,84.7
2/9/2007,59.86,84.87
2/12/2007,57.76,85.15
2/13/2007,58.98,84.73
2/14/2007,58,84.2
2/15/2007,57.92,84.01
2/16/2007,59.38,84.09
2/20/2007,58.32,84.19
2/21/2007,59.4,84.21
2/22/2007,60.28,84.32
2/23/2007,60.28,84.07
2/26/2007,61.41,83.93
2/27/2007,61.46,83.48
2/28/2007,61.78,83.57
3/1/2007,61.97,83.68
3/2/2007,61.58,83.74
3/5/2007,60.05,84.15
3/6/2007,60.66,84.07
3/7/2007,61.85,83.78
3/8/2007,61.63,84.1
3/9/2007,60.06,84.24
3/12/2007,58.94,83.86
3/13/2007,58.03,83.73
3/14/2007,58.15,83.61
3/15/2007,57.52,83.68
3/16/2007,57.06,83.23
3/19/2007,56.65,83.39
3/20/2007,56.41,83.11
3/21/2007,56.98,82.77
3/22/2007,60.21,83.09
3/23/2007,61.07,83.28
3/26/2007,61.77,83.08
3/27/2007,62.98,83.01
3/28/2007,64.11,83.03
3/29/2007,66.1,83.09
3/30/2007,65.94,82.93
4/2/2007,66.03,82.87
4/3/2007,64.59,83.15
4/4/2007,64.4,82.96
4/5/2007,64.26,82.68
4/9/2007,61.51,83.1
4/10/2007,61.92,82.7
4/11/2007,61.98,82.67
4/12/2007,63.87,82.37
4/13/2007,63.63,82.13
4/16/2007,63.63,82.07
4/17/2007,63.14,81.83
4/18/2007,63.14,81.74
4/19/2007,61.81,81.64
4/20/2007,63.56,81.64
4/23/2007,65.33,81.74
4/24/2007,64.1,81.55
4/25/2007,65.33,81.43
4/26/2007,65.08,81.75
4/27/2007,66.45,81.53
4/30/2007,65.78,81.45
5/1/2007,64.43,81.59
5/2/2007,63.78,81.74
5/3/2007,63.23,81.95
5/4/2007,61.89,81.74
5/7/2007,61.48,81.68
5/8/2007,62.26,81.94
5/9/2007,61.54,82.02
5/10/2007,61.85,82.29
5/11/2007,62.35,82.12
5/14/2007,62.55,82.07
5/15/2007,63.16,81.75
5/16/2007,62.57,82.16
5/17/2007,64.83,82.32
5/18/2007,64.93,82.2
5/21/2007,66.25,82.36
5/22/2007,64.91,82.39
5/23/2007,65.1,82.31
5/24/2007,63.62,82.41
5/25/2007,64.59,82.33
5/29/2007,63.19,82.31
5/30/2007,63.47,82.43
5/31/2007,64.02,82.3
6/1/2007,65.09,82.32
6/4/2007,66.17,82.06
6/5/2007,65.63,81.89
6/6/2007,65.97,81.9
6/7/2007,66.93,82.29
6/8/2007,64.78,82.69
6/11/2007,65.93,82.71
6/12/2007,65.36,82.89
6/13/2007,66.17,83.03
6/14/2007,67.62,83.13
6/15/2007,68.04,82.85
6/18/2007,69.06,82.72
6/19/2007,69.15,82.54
6/20/2007,68.5,82.52
6/21/2007,68.35,82.73
6/22/2007,68.85,82.34
6/25/2007,68.83,82.33
6/26/2007,67.78,82.3
6/27/2007,68.98,82.32
6/28/2007,69.61,82.33
6/29/2007,70.47,81.92
7/2/2007,71.11,81.39
7/3/2007,71.41,81.44
7/5/2007,71.81,81.54
7/6/2007,72.8,81.47
7/9/2007,72.14,81.43
7/10/2007,72.8,80.86
7/11/2007,72.58,80.73
7/12/2007,72.55,80.64
7/13/2007,73.89,80.58
7/16/2007,74.11,80.52
7/17/2007,74.03,80.54
7/18/2007,75.03,80.42
7/19/2007,75.9,80.42
7/20/2007,75.53,80.29
7/23/2007,74.65,80.35
7/24/2007,73.38,80.08
7/25/2007,75.74,80.65
7/26/2007,74.96,80.45
7/27/2007,77.03,80.95
7/30/2007,76.82,80.85
7/31/2007,78.2,80.77
8/1/2007,76.49,80.87
8/2/2007,76.84,80.71
8/3/2007,75.41,80.18
8/6/2007,72.03,80.25
8/7/2007,72.25,80.48
8/8/2007,72.23,80.34
8/9/2007,71.62,80.74
8/10/2007,71.49,80.68
8/13/2007,71.6,81.05
8/14/2007,72.4,81.49
8/15/2007,73.36,81.82
8/16/2007,70.99,81.73
8/17/2007,71.9,81.43
8/20/2007,71.12,81.4
8/21/2007,69.49,81.49
8/22/2007,69.3,81.25
8/23/2007,69.86,81.14
8/24/2007,71.17,80.67
8/27/2007,71.98,80.74
8/28/2007,71.79,80.76
8/29/2007,73.52,80.7
8/30/2007,73.37,80.79
8/31/2007,73.98,80.79
9/4/2007,75.07,80.88
9/5/2007,75.74,80.62
9/6/2007,76.34,80.47
9/7/2007,76.7,79.96
9/10/2007,77.53,79.82
9/11/2007,78.16,79.7
9/12/2007,79.85,79.36
9/13/2007,80.05,79.51
9/14/2007,79.14,79.62
9/17/2007,80.55,79.72
9/18/2007,81.51,79.21
9/19/2007,81.99,79.3
9/20/2007,83.85,78.58
9/21/2007,83.38,78.6
9/24/2007,82.51,78.53
9/25/2007,81.2,78.31
9/26/2007,80.31,78.49
9/27/2007,82.86,78.34
9/28/2007,81.64,77.72
10/1/2007,80.31,77.9
10/2/2007,80,78.3
10/3/2007,79.97,78.57
10/4/2007,81.48,78.48
10/5/2007,81.2,78.31
10/8/2007,78.97,78.67
10/9/2007,80.23,78.53
10/10/2007,81.3,78.38
10/11/2007,83.05,78.08
10/12/2007,83.73,78.22
10/15/2007,86.19,78.09
10/16/2007,87.58,78.25
10/17/2007,87.19,78.12
10/18/2007,89.48,77.59
10/19/2007,88.58,77.41
10/22/2007,87.6,78.06
10/23/2007,86.45,77.59
10/24/2007,88.3,77.55
10/25/2007,92.09,77.28
10/26/2007,91.73,77.03
10/29/2007,93.45,76.84
10/30/2007,90.33,76.77
10/31/2007,94.16,76.48
11/1/2007,93.53,76.59
11/2/2007,95.81,76.34
11/5/2007,94.06,76.42
11/6/2007,96.65,76.04
11/7/2007,96.46,75.41
11/8/2007,95.51,75.46
11/9/2007,96.36,75.4
11/12/2007,94.4,75.9
11/13/2007,91.18,75.88
11/14/2007,94.02,75.81
11/15/2007,93.37,76.07
11/16/2007,94.81,75.83
11/19/2007,95.75,75.78
11/20/2007,99.16,75.2
11/21/2007,98.57,75.07
11/23/2007,98.24,75.05
11/26/2007,97.66,74.86
11/27/2007,94.39,75.1
11/28/2007,90.71,75.08
11/29/2007,90.98,75.59
11/30/2007,88.6,76.15
12/3/2007,89.29,75.94
12/4/2007,88.31,75.69
12/5/2007,87.45,76.41
12/6/2007,90.25,76.38
12/7/2007,88.23,76.29
12/10/2007,87.72,76.06
12/11/2007,90.12,76.22
12/12/2007,94.41,76.14
12/13/2007,92.35,76.56
12/14/2007,91.31,77.44
12/17/2007,90.69,77.4
12/18/2007,89.93,77.41
12/19/2007,91.11,77.59
12/20/2007,90.88,77.79
12/21/2007,93.19,77.72
12/24/2007,94,77.57
12/26/2007,95.89,77.15
12/27/2007,96.63,76.61
12/28/2007,96.03,76.22
12/31/2007,95.95,76.69
1/2/2008,99.64,75.97
1/3/2008,99.17,75.89
1/4/2008,97.9,75.79
1/7/2008,95.08,76.17
1/8/2008,96.43,76.11
1/9/2008,95.64,76.42
1/10/2008,93.92,75.93
1/11/2008,92.74,75.98
1/14/2008,94.23,75.61
1/15/2008,91.87,75.57
1/16/2008,90.8,76.26
1/17/2008,90.11,76.17
1/18/2008,90.55,76.38
1/22/2008,89.64,76.35
1/23/2008,87.65,76.4
1/24/2008,89.98,75.69
1/25/2008,90.37,75.97
1/28/2008,90.99,75.58
1/29/2008,91.66,75.55
1/30/2008,92.34,75.03
1/31/2008,91.67,75.18
2/1/2008,89.03,75.44
2/4/2008,90.07,75.37
2/5/2008,88.32,76.12
2/6/2008,87.16,76.14
2/7/2008,88.07,76.94
2/8/2008,91.77,76.67
2/11/2008,93.56,76.58
2/12/2008,92.82,76.31
2/13/2008,93.28,76.4
2/14/2008,95.42,76.16
2/15/2008,95.57,76.1
2/19/2008,99.99,76
2/20/2008,100.86,76.12
2/21/2008,98.57,75.6
2/22/2008,99.03,75.52
2/25/2008,99.4,75.53
2/26/2008,100.83,74.76
2/27/2008,99.59,74.21
2/28/2008,102.6,73.72
2/29/2008,101.78,73.71
3/3/2008,102.42,73.7
3/4/2008,99.72,73.66
3/5/2008,104.45,73.48
3/6/2008,105.51,73
3/7/2008,105.12,73.03
3/10/2008,107.9,72.99
3/11/2008,108.73,73.28
3/12/2008,109.86,72.4
3/13/2008,110.21,72.07
3/14/2008,110.03,71.66
3/17/2008,105.74,71.46
3/18/2008,109.57,71.57
3/19/2008,103.25,72.14
3/20/2008,102.57,72.75
3/24/2008,101.7,72.95
3/25/2008,101.78,72.28
3/26/2008,105.83,71.51
3/27/2008,107.56,71.66
3/28/2008,105.59,71.68
3/31/2008,101.54,71.8
4/1/2008,100.92,72.56
4/2/2008,104.83,72.26
4/3/2008,103.92,72.22
4/4/2008,106.09,72.02
4/7/2008,108.91,72.2
4/8/2008,108.54,72.23
4/9/2008,110.89,71.83
4/10/2008,110.07,72.12
4/11/2008,110.14,71.81
4/14/2008,111.71,71.88
4/15/2008,113.77,72.02
4/16/2008,114.8,71.41
4/17/2008,114.8,71.68
4/18/2008,116.56,72.01
4/21/2008,117.48,71.65
4/22/2008,119.17,71.33
4/23/2008,119.28,71.82
4/24/2008,117.1,72.53
4/25/2008,119.64,72.79
4/28/2008,118.78,72.79
4/29/2008,115.67,72.89
4/30/2008,113.7,72.51
5/1/2008,112.6,73.28
5/2/2008,116.36,73.5
5/5/2008,119.94,73.19
5/6/2008,121.82,73
5/7/2008,123.56,73.51
5/8/2008,123.77,73.48
5/9/2008,125.94,73.05
5/12/2008,124.02,72.95
5/13/2008,125.83,73.27
5/14/2008,124.21,73.4
5/15/2008,124.25,73.35
5/16/2008,126.5,72.84
5/19/2008,127.15,73.05
5/20/2008,128.93,72.41
5/21/2008,132.99,71.94
5/22/2008,130.04,72.28
5/23/2008,131.58,71.89
5/27/2008,128.81,72.34
5/28/2008,131,72.55
5/29/2008,126.7,73.02
5/30/2008,127.35,72.88
6/2/2008,127.75,72.93
6/3/2008,124.33,73.24
6/4/2008,122.3,73.42
6/5/2008,127.93,73.04
6/6/2008,138.51,72.39
6/9/2008,134.44,72.85
6/10/2008,131.38,73.7
6/11/2008,136.43,73.21
6/12/2008,136.91,73.86
6/13/2008,134.84,74.15
6/16/2008,134.52,73.61
6/17/2008,133.99,73.51
6/18/2008,136.54,73.44
6/19/2008,131.88,73.48
6/20/2008,134.78,73.03
6/23/2008,135.98,73.43
6/24/2008,136.49,73.24
6/25/2008,133.92,72.93
6/26/2008,138.91,72.49
6/27/2008,139.69,72.36
6/30/2008,139.96,72.46
7/1/2008,141.06,72.37
7/2/2008,143.74,72.03
7/3/2008,145.31,72.74
7/7/2008,141.38,72.67
7/8/2008,136.06,73.01
7/9/2008,135.88,72.58
7/10/2008,141.47,72.49
7/11/2008,144.96,72.1
7/14/2008,145.16,71.92
7/15/2008,138.68,71.87
7/16/2008,134.63,72.06
7/17/2008,129.43,72.24
7/18/2008,128.94,72.19
7/21/2008,131.43,71.99
7/22/2008,127.25,72.45
7/23/2008,123.73,72.81
7/24/2008,124.62,72.93
7/25/2008,122.59,72.86
7/28/2008,124.72,72.65
7/29/2008,122.21,73.31
7/30/2008,126.74,73.32
7/31/2008,124.17,73.23
8/1/2008,125.03,73.42
8/4/2008,121.45,73.46
8/5/2008,118.71,73.88
8/6/2008,118.57,74.24
8/7/2008,119.84,74.55
8/8/2008,115.42,75.84
8/11/2008,114.44,76.12
8/12/2008,113.1,76.15
8/13/2008,115.96,76.21
8/14/2008,115.05,76.67
8/15/2008,113.46,77.18
8/18/2008,112.92,77.12
8/19/2008,114.39,76.84
8/20/2008,115.48,76.96
8/21/2008,121.23,76.2
8/22/2008,114.48,76.81
8/25/2008,114.85,76.79
8/26/2008,116.31,77.25
8/27/2008,118.17,77.05
8/28/2008,115.58,77.15
8/29/2008,115.55,77.38
9/2/2008,109.63,78.06
9/3/2008,109.38,78.09
9/4/2008,107.99,78.61
9/5/2008,106.47,78.93
9/8/2008,106.35,79.59
9/9/2008,103.23,79.25
9/10/2008,102.66,79.84
9/11/2008,100.95,80.15
9/12/2008,101.19,78.97
9/15/2008,95.52,78.91
9/16/2008,91.49,79.07
9/17/2008,97.39,78.09
9/18/2008,97.5,78.02
9/19/2008,104.05,77.68
9/22/2008,122.61,76.15
9/23/2008,107.85,76.47
9/24/2008,106.84,76.79
9/25/2008,111.54,76.99
9/26/2008,106.77,76.95
9/29/2008,96.29,77.47
9/30/2008,100.7,79.45
10/1/2008,98.23,79.46
10/2/2008,93.84,80.44
10/3/2008,93.91,80.31
10/6/2008,88.15,81.67
10/7/2008,90.18,80.97
10/8/2008,88.94,80.91
10/9/2008,86.5,81.16
10/10/2008,77.44,83
10/13/2008,81.17,81.88
10/14/2008,78.69,81.36
10/15/2008,74.38,82.05
10/16/2008,69.81,82.45
10/17/2008,71.9,82.41
10/20/2008,74.08,83.1
10/21/2008,71.29,83.99
10/22/2008,66.92,85.37
10/23/2008,67.17,85.36
10/24/2008,63.34,86.44
10/27/2008,61.92,86.93
10/28/2008,62.8,87.03
10/29/2008,67.45,85.07
10/30/2008,65.79,84.56
10/31/2008,68.1,85.63
11/3/2008,63.93,86.35
11/4/2008,70.41,84.78
11/5/2008,65.41,84.61
11/6/2008,60.72,85.89
11/7/2008,61.06,85.91
11/10/2008,62.19,85.91
11/11/2008,59.38,87.08
11/12/2008,55.95,87.47
11/13/2008,58.31,86.94
11/14/2008,57.18,86.36
11/17/2008,55.14,86.81
11/18/2008,54.42,87.37
11/19/2008,53.64,87.31
11/20/2008,48.86,87.97
11/21/2008,49.22,88.19
11/24/2008,53.63,86.08
11/25/2008,50.02,85
11/26/2008,54.2,85.67
11/28/2008,55.21,86.52
12/1/2008,49.34,86.72
12/2/2008,47.05,86.7
12/3/2008,46.79,87.03
12/4/2008,43.8,86.44
12/5/2008,41.01,87.12
12/8/2008,43.69,85.56
12/9/2008,42,85.8
12/10/2008,43.1,85.47
12/11/2008,47.77,83.66
12/12/2008,46.27,83.71
12/15/2008,44.61,82.1
12/16/2008,43.84,80.2
12/17/2008,40.17,78.58
12/18/2008,36.73,79.7
12/19/2008,33.17,81.07
12/22/2008,31.1,81.19
12/23/2008,30.28,81.44
12/24/2008,32.94,81
12/26/2008,37.58,80.97
12/29/2008,39.89,81.43
12/30/2008,38.95,80.63
12/31/2008,44.6,81.15
1/2/2009,46.17,81.5
1/5/2009,48.61,82.58
1/6/2009,48.56,82.83
1/7/2009,42.75,82.1
1/8/2009,41.68,81.57
1/9/2009,40.69,82.48
1/12/2009,37.65,83.25
1/13/2009,37.77,84.26
1/14/2009,37.43,84.36
1/15/2009,35.41,84.53
1/16/2009,35.38,84.05
1/20/2009,38.57,86.38
1/21/2009,42.56,85.32
1/22/2009,42.33,85.48
1/23/2009,45.12,85.58
1/26/2009,46.5,84.39
1/27/2009,41.67,84.4
1/28/2009,42.04,84.59
1/29/2009,41.58,85.49
1/30/2009,41.73,85.83
2/2/2009,41.35,86.11
2/3/2009,40.87,85
2/4/2009,40.27,85.77
2/5/2009,41.15,86.06
2/6/2009,40.24,85.29
2/9/2009,39.58,84.88
2/10/2009,37.54,85.57
2/11/2009,35.93,85.84
2/12/2009,34.03,85.94
2/13/2009,37.63,86.09
2/17/2009,34.96,87.77
2/18/2009,34.67,88.03
2/19/2009,39.6,87.44
2/20/2009,39.35,86.59
2/23/2009,37.66,87.26
2/24/2009,38.86,86.78
2/25/2009,41.64,87.84
2/26/2009,43.18,87.84
2/27/2009,44.15,88.17
3/2/2009,40.07,89.03
3/3/2009,41.57,89.19
3/4/2009,45.28,88.49
3/5/2009,43.54,89.08
3/6/2009,45.43,88.55
3/9/2009,47.01,89.29
3/10/2009,45.68,88.52
3/11/2009,42.46,87.67
3/12/2009,46.91,87.48
3/13/2009,46.22,87.25
3/16/2009,47.33,86.97
3/17/2009,48.97,86.81
3/18/2009,48.12,84.19
3/19/2009,51.46,83.07
3/20/2009,51.55,83.71
3/23/2009,53.05,83.47
3/24/2009,53.36,84.1
3/25/2009,52.24,83.7
3/26/2009,53.87,84.08
3/27/2009,52.41,85.14
3/30/2009,48.49,85.75
3/31/2009,49.64,85.51
4/1/2009,48.46,85.42
4/2/2009,52.61,84.32
4/3/2009,52.52,84.18
4/6/2009,51.1,84.75
4/7/2009,49.13,85.22
4/8/2009,49.37,85.23
4/9/2009,52.24,85.64
4/13/2009,50.22,84.61
4/14/2009,49.51,84.8
4/15/2009,49.26,84.93
4/16/2009,49.97,85.2
4/17/2009,50.36,85.9
4/20/2009,45.82,86.66
4/21/2009,46.65,86.5
4/22/2009,47.41,86.3
4/23/2009,48.46,85.4
4/24/2009,50.65,84.72
4/27/2009,49.29,85.67
4/28/2009,49.01,85.17
4/29/2009,50.19,84.64
4/30/2009,50.35,84.82
5/1/2009,52.18,84.54
5/4/2009,54.45,83.66
5/5/2009,53.81,84.14
5/6/2009,56.29,84
5/7/2009,56.67,83.88
5/8/2009,58.58,82.44
5/11/2009,57.79,82.84
5/12/2009,58.81,82.3
5/13/2009,58,82.57
5/14/2009,58.58,82.44
5/15/2009,56.52,82.95
5/18/2009,58.99,82.54
5/19/2009,59.52,82.1
5/20/2009,61.45,81.19
5/21/2009,60.49,80.47
5/22/2009,61.15,80.04
5/26/2009,62.48,80.09
5/27/2009,63.41,80.76
5/28/2009,65.09,80.53
5/29/2009,66.31,79.23
6/1/2009,68.59,79.18
6/2/2009,68.58,78.48
6/3/2009,66.14,79.49
6/4/2009,68.8,79.47
6/5/2009,68.43,80.67
6/8/2009,68.05,80.83
6/9/2009,70.02,79.84
6/10/2009,71.38,80.27
6/11/2009,72.69,79.56
6/12/2009,72.13,80.13
6/15/2009,70.54,81.16
6/16/2009,70.47,80.74
6/17/2009,71.07,80.26
6/18/2009,71.42,80.57
6/19/2009,69.6,80.33
6/22/2009,67.09,80.84
6/23/2009,68.81,79.85
6/24/2009,68.14,80.54
6/25/2009,69.7,80.37
6/26/2009,69.16,79.9
6/29/2009,71.47,79.91
6/30/2009,69.82,80.16
7/1/2009,69.32,79.67
7/2/2009,66.68,80.15
7/6/2009,64.06,80.38
7/7/2009,62.88,80.7
7/8/2009,60.15,80.63
7/9/2009,60.36,79.86
7/10/2009,59.93,80.23
7/13/2009,59.69,80.13
7/14/2009,59.62,80.18
7/15/2009,61.49,79.32
7/16/2009,62.07,79.22
7/17/2009,63.56,79.35
7/20/2009,63.93,78.91
7/21/2009,64.81,78.93
7/22/2009,64.58,78.71
7/23/2009,66.1,78.8
7/24/2009,66.96,78.75
7/27/2009,68.34,78.63
7/28/2009,67.24,78.85
7/29/2009,63.42,79.63
7/30/2009,66.9,79.28
7/31/2009,69.26,78.35
8/3/2009,71.59,77.64
8/4/2009,71.4,77.77
8/5/2009,71.97,77.52
8/6/2009,71.96,78.06
8/7/2009,70.97,78.97
8/10/2009,70.59,79.26
8/11/2009,69.46,79.18
8/12/2009,70.08,78.79
8/13/2009,70.57,78.49
8/14/2009,67.51,78.89
8/17/2009,66.72,79.29
8/18/2009,69.22,78.94
8/19/2009,72.54,78.47
8/20/2009,72.4,78.38
8/21/2009,73.12,78.04
8/24/2009,73.68,78.27
8/25/2009,71.6,78.24
8/26/2009,71.38,78.66
8/27/2009,72.49,78.01
8/28/2009,72.72,78.37
8/31/2009,69.97,78.17
9/1/2009,68.11,78.76
9/2/2009,68.03,78.38
9/3/2009,67.9,78.47
9/4/2009,67.95,78.14
9/8/2009,71.08,77.32
9/9/2009,71.27,77.09
9/10/2009,71.95,76.82
9/11/2009,69.34,76.61
9/14/2009,68.86,76.69
9/15/2009,70.81,76.54
9/16/2009,72.5,76.24
9/17/2009,72.48,76.19
9/18/2009,71.95,76.42
9/21/2009,69.74,76.78
9/22/2009,71.5,76.12
9/23/2009,68.74,76.05
9/24/2009,65.74,76.9
9/25/2009,65.91,76.81
9/28/2009,66.69,77.05
9/29/2009,66.56,77.12
9/30/2009,70.46,76.65
10/1/2009,70.67,77.19
10/2/2009,69.8,77
10/5/2009,70.26,76.64
10/6/2009,70.71,76.33
10/7/2009,69.6,76.49
10/8/2009,71.69,75.97
10/9/2009,71.75,76.43
10/12/2009,73.24,76.13
10/13/2009,74.1,75.98
10/14/2009,75.2,75.55
10/15/2009,77.55,75.48
10/16/2009,78.54,75.6
10/19/2009,79.47,75.51
10/20/2009,78.87,75.56
10/21/2009,81.03,74.97
10/22/2009,80.82,75.09
10/23/2009,80.11,75.47
10/26/2009,78.61,76.06
10/27/2009,79.45,76.14
10/28/2009,77.39,76.42
10/29/2009,79.84,75.92
10/30/2009,77.04,76.3
11/2/2009,78.08,76.29
11/3/2009,79.58,76.39
11/4/2009,80.3,75.64
11/5/2009,79.64,75.74
11/6/2009,77.4,75.82
11/9/2009,79.44,75.03
11/10/2009,79.01,75.02
11/11/2009,79.16,75.16
11/12/2009,77.25,75.6
11/13/2009,76.34,75.33
11/16/2009,78.91,74.91
11/17/2009,79.08,75.37
11/18/2009,79.55,75.19
11/19/2009,77.47,75.29
11/20/2009,76.83,75.66
11/23/2009,76.49,75.08
11/24/2009,74.88,75.07
11/25/2009,77.25,74.27
11/27/2009,75.95,75
11/30/2009,77.19,74.78
12/1/2009,78.39,74.36
12/2/2009,76.62,74.67
12/3/2009,76.42,74.63
12/4/2009,75.41,75.91
12/7/2009,73.89,75.77
12/8/2009,72.59,76.31
12/9/2009,70.67,76.04
12/10/2009,70.54,76.05
12/11/2009,69.86,76.57
12/14/2009,69.48,76.35
12/15/2009,70.62,76.96
12/16/2009,72.64,77
12/17/2009,72.58,77.69
12/18/2009,73.3,77.82
12/21/2009,72.71,78.04
12/22/2009,73.48,78.25
12/23/2009,76.03,77.9
12/24/2009,76.83,77.84
12/28/2009,78.67,77.63
12/29/2009,78.87,77.83
12/30/2009,79.35,77.91
12/31/2009,79.39,77.86
1/4/2010,81.52,77.53
1/5/2010,81.74,77.62
1/6/2010,83.12,77.49
1/7/2010,82.6,77.91
1/8/2010,82.74,77.47
1/11/2010,82.54,77
1/12/2010,80.79,76.95
1/13/2010,79.66,76.85
1/14/2010,79.35,76.73
1/15/2010,77.96,77.32
1/19/2010,78.98,77.5
1/20/2010,77.42,78.34
1/21/2010,75.84,78.32
1/22/2010,74.25,78.28
1/25/2010,74.9,78.19
1/26/2010,74.67,78.43
1/27/2010,73.64,78.67
1/28/2010,73.62,78.9
1/29/2010,72.85,79.46
2/1/2010,74.41,79.24
2/2/2010,77.21,79.01
2/3/2010,76.96,79.37
2/4/2010,73.13,79.92
2/5/2010,71.15,80.44
2/8/2010,71.87,80.3
2/9/2010,73.71,79.86
2/10/2010,74.48,80.03
2/11/2010,75.23,79.99
2/12/2010,74.11,80.32
2/16/2010,76.98,79.7
2/17/2010,77.27,80.38
2/18/2010,78.97,80.4
2/19/2010,79.77,80.64
2/22/2010,80.04,80.51
2/23/2010,78.61,80.85
2/24/2010,79.75,80.85
2/25/2010,77.99,80.79
2/26/2010,79.72,80.36
3/1/2010,78.71,80.66
3/2/2010,79.62,80.52
3/3/2010,80.91,79.98
3/4/2010,80.21,80.56
3/5/2010,81.5,80.43
3/8/2010,81.85,80.43
3/9/2010,81.5,80.59
3/10/2010,82.07,80.44
3/11/2010,82.1,80.32
3/12/2010,81.26,79.83
3/15/2010,79.79,80.25
3/16/2010,81.75,79.75
3/17/2010,82.93,79.64
3/18/2010,82.16,80.22
3/19/2010,80.58,80.72
3/22/2010,81.26,80.65
3/23/2010,81.68,80.9
3/24/2010,80.29,81.84
3/25/2010,80.25,82.12
3/26/2010,79.75,81.68
3/29/2010,81.92,81.36
3/30/2010,82.14,81.47
3/31/2010,83.45,81.07
4/1/2010,84.53,80.78
4/5/2010,86.36,81.09
4/6/2010,86.54,81.39
4/7/2010,85.64,81.44
4/8/2010,85.17,81.53
4/9/2010,84.6,81.09
4/12/2010,84.07,80.56
4/13/2010,83.8,80.51
4/14/2010,85.62,80.19
4/15/2010,85.25,80.48
4/16/2010,82.97,80.82
4/19/2010,81.52,81
4/20/2010,82.98,81.05
4/21/2010,82.78,81.16
4/22/2010,82.89,81.57
4/23/2010,84.34,81.35
4/26/2010,84.2,81.48
4/27/2010,82.43,82.15
4/28/2010,83.22,82.38
4/29/2010,85.17,82
4/30/2010,86.07,81.87
5/3/2010,86.19,82.27
5/4/2010,82.73,83.3
5/5/2010,80,84.08
5/6/2010,77.18,84.89
5/7/2010,75.1,84.45
5/10/2010,76.89,84.16
5/11/2010,76.37,84.47
5/12/2010,75.65,84.83
5/13/2010,74.38,85.21
5/14/2010,71.61,86.09
5/17/2010,70.08,86.2
5/18/2010,69.38,87.16
5/19/2010,69.91,86.39
5/20/2010,68.28,85.56
5/21/2010,68.03,85.37
5/24/2010,68.23,86.21
5/25/2010,64.78,86.78
5/26/2010,71.52,87.12
5/27/2010,74.56,86.19
5/28/2010,74,86.48
6/1/2010,72.7,86.64
6/2/2010,72.88,86.79
6/3/2010,74.62,87.14
6/4/2010,71.43,88.23
6/7/2010,71.55,88.41
6/8/2010,71.88,88.39
6/9/2010,74.38,87.9
6/10/2010,75.48,87.17
6/11/2010,73.89,87.51
6/14/2010,74.99,86.51
6/15/2010,76.84,85.98
6/16/2010,77.67,86.08
6/17/2010,76.82,85.69
6/18/2010,77.18,85.7
6/21/2010,77.84,85.93
6/22/2010,77.15,86.11
6/23/2010,75.9,85.74
6/24/2010,75.96,85.73
6/25/2010,78.45,85.31
6/28/2010,78.26,85.65
6/29/2010,75.93,86.03
6/30/2010,75.59,86.02
7/1/2010,72.95,84.72
7/2/2010,72.06,84.43
7/6/2010,71.96,84.08
7/7/2010,74.05,83.82
7/8/2010,75.46,83.82
7/9/2010,76.08,83.95
7/12/2010,74.93,84.2
7/13/2010,77.16,83.64
7/14/2010,77.02,83.43
7/15/2010,76.67,82.56
7/16/2010,75.96,82.49
7/19/2010,76.53,82.51
7/20/2010,77.32,82.75
7/21/2010,76.27,83.39
7/22/2010,79.01,82.59
7/23/2010,78.68,82.46
7/26/2010,78.93,82.09
7/27/2010,77.46,82.19
7/28/2010,77.06,82.18
7/29/2010,78.3,81.64
7/30/2010,78.85,81.54
8/2/2010,81.25,80.94
8/3/2010,82.52,80.6
8/4/2010,82.49,80.89
8/5/2010,82,80.83
8/6/2010,80.67,80.41
8/9/2010,81.46,80.71
8/10/2010,80.24,80.8
8/11/2010,78.09,82.29
8/12/2010,75.68,82.64
8/13/2010,75.39,82.95
8/16/2010,75.17,82.53
8/17/2010,75.76,82.23
8/18/2010,75.39,82.22
8/19/2010,74.45,82.45
8/20/2010,73.45,83.06
8/23/2010,72.71,83.12
8/24/2010,71.24,83.15
8/25/2010,72.07,83.26
8/26/2010,73.36,82.93
8/27/2010,75.17,82.92
8/30/2010,74.69,83.16
8/31/2010,71.93,83.2
9/1/2010,73.97,82.52
9/2/2010,74.99,82.46
9/3/2010,74.52,82.1
9/7/2010,73.98,82.82
9/8/2010,74.65,82.58
9/9/2010,74.25,82.67
9/10/2010,76.4,82.7
9/13/2010,77.17,81.91
9/14/2010,76.78,81.08
9/15/2010,75.92,81.49
9/16/2010,74.58,81.24
9/17/2010,73.63,81.4
9/20/2010,74.81,81.33
9/21/2010,72.96,80.44
9/22/2010,72.98,79.83
9/23/2010,73.4,80.01
9/24/2010,74.63,79.39
9/27/2010,76.51,79.34
9/28/2010,76.15,79.01
9/29/2010,77.85,78.69
9/30/2010,79.95,78.72
10/1/2010,81.57,78.09
10/4/2010,81.43,78.45
10/5/2010,82.83,77.75
10/6/2010,83.21,77.39
10/7/2010,81.34,77.39
10/8/2010,82.66,77.33
10/11/2010,82.18,77.44
10/12/2010,81.67,77.36
10/13/2010,83.03,77.07
10/14/2010,82.71,76.65
10/15/2010,81.23,77.04
10/18/2010,83.06,76.93
10/19/2010,79.57,78.18
10/20/2010,81.93,77.17
10/21/2010,80.03,77.42
10/22/2010,81.15,77.47
10/25/2010,82,77.1
10/26/2010,82.6,77.71
10/27/2010,81.9,78.15
10/28/2010,82.2,77.31
10/29/2010,81.45,77.27
11/1/2010,82.94,77.3
11/2/2010,83.91,76.72
11/3/2010,84.45,76.48
11/4/2010,86.49,75.88
11/5/2010,86.85,76.55
11/8/2010,87.07,77.03
11/9/2010,87.04,77.44
11/10/2010,87.77,77.63
11/11/2010,87.77,78.22
11/12/2010,84.89,78.08
11/15/2010,84.88,78.52
11/16/2010,82.33,79.21
11/17/2010,80.43,79.08
11/18/2010,81.88,78.62
11/19/2010,81.65,78.5
11/22/2010,81.24,78.68
11/23/2010,80.79,79.68
11/24/2010,83.21,79.87
11/26/2010,83.87,80.36
11/29/2010,85.73,80.83
11/30/2010,84.12,81.19
12/1/2010,86.75,80.71
12/2/2010,87.98,80.3
12/3/2010,89.18,79.38
12/6/2010,89.33,79.57
12/7/2010,88.69,79.86
12/8/2010,88.3,80
12/9/2010,88.35,80.07
12/10/2010,87.81,80.07
12/13/2010,88.62,79.28
12/14/2010,88.33,79.37
12/15/2010,88.66,80.26
12/16/2010,87.71,80.18
12/17/2010,88.02,80.37
12/20/2010,88.68,80.63
12/21/2010,89.3,80.72
12/22/2010,89.83,80.73
12/23/2010,90.84,80.5
12/27/2010,90.99,80.37
12/28/2010,91.48,80.36
12/29/2010,91.13,79.8
12/30/2010,89.85,79.52
12/31/2010,91.38,79.03
1/3/2011,91.59,79.13
1/4/2011,89.39,79.44
1/5/2011,90.3,80.26
1/6/2011,88.37,80.79
1/7/2011,88.07,81.01
1/10/2011,89.24,80.88
1/11/2011,91.11,80.85
1/12/2011,91.85,80.03
1/13/2011,91.39,79.19
1/14/2011,91.53,79.16
1/18/2011,91.38,78.96
1/19/2011,90.85,78.64
1/20/2011,88.56,78.82
1/21/2011,88.22,78.21
1/24/2011,86.74,78.05
1/25/2011,85.08,78
1/26/2011,86.15,77.9
1/27/2011,84.45,77.73
1/28/2011,88.15,78.13
1/31/2011,90.99,77.73
2/1/2011,89.54,77.07
2/2/2011,89.78,77.16
2/3/2011,89.42,77.75
2/4/2011,87.87,78.04
2/7/2011,86.3,78.03
2/8/2011,85.85,78
2/9/2011,85.59,77.64
2/10/2011,85.44,78.25
2/11/2011,84.39,78.46
2/14/2011,83.66,78.61
2/15/2011,83.13,78.57
2/16/2011,83.8,78.22
2/17/2011,85.05,78
2/18/2011,85.03,77.66
2/22/2011,92.65,77.77
2/23/2011,96.04,77.41
2/24/2011,95.83,77.06
2/25/2011,96.52,77.28
2/28/2011,97.1,76.89
3/1/2011,99.63,77.05
3/2/2011,102.27,76.67
3/3/2011,101.92,76.48
3/4/2011,104.34,76.4
3/7/2011,105.37,76.5
3/8/2011,105.06,76.8
3/9/2011,104.39,76.72
3/10/2011,102.73,77.28
3/11/2011,101.14,76.78
3/14/2011,101.2,76.35
3/15/2011,97.23,76.33
3/16/2011,97.99,76.68
3/17/2011,101.47,76.04
3/18/2011,101.06,75.72
3/21/2011,102.36,75.4
3/22/2011,104.53,75.41
3/23/2011,105.21,75.79
3/24/2011,105.04,75.66
3/25/2011,104.89,76.22
3/28/2011,103.54,76.13
3/29/2011,104.34,76.25
3/30/2011,103.8,76.12
3/31/2011,106.19,75.86
4/1/2011,107.55,75.83
4/4/2011,108.14,75.91
4/5/2011,107.82,75.88
4/6/2011,108.38,75.51
4/7/2011,109.82,75.58
4/8/2011,112.27,75.07
4/11/2011,109.5,75.06
4/12/2011,105.75,74.85
4/13/2011,106.6,74.98
4/14/2011,107.73,74.69
4/15/2011,109.17,74.83
4/18/2011,106.7,75.5
4/19/2011,107.18,75.03
4/20/2011,110.84,74.37
4/21/2011,111.72,74
4/25/2011,111.68,73.99
4/26/2011,111.72,73.84
4/27/2011,112.31,73.52
4/28/2011,112.38,73.12
4/29/2011,113.39,72.93
5/2/2011,113.03,72.95
5/3/2011,110.6,73.14
5/4/2011,108.79,73.03
5/5/2011,99.89,74.19
5/6/2011,96.87,74.84
5/9/2011,100.32,74.74
5/10/2011,103.39,74.61
5/11/2011,97.88,75.33
5/12/2011,98.53,75.24
5/13/2011,99.21,75.76
5/16/2011,96.91,75.47
5/17/2011,96.4,75.4
5/18/2011,99.52,75.47
5/19/2011,97.99,75.12
5/20/2011,99.15,75.44
5/23/2011,97.06,76.1
5/24/2011,99.13,75.88
5/25/2011,100.78,75.93
5/26/2011,100.18,75.55
5/27/2011,100.58,74.95
5/31/2011,102.7,74.64
6/1/2011,100.3,74.68
6/2/2011,100.41,74.33
6/3/2011,100.28,73.78
6/6/2011,99.07,73.95
6/7/2011,99.18,73.52
6/8/2011,100.77,73.93
6/9/2011,101.95,74.19
6/10/2011,99.3,74.8
6/13/2011,97.2,74.51
6/14/2011,99.37,74.33
6/15/2011,94.83,75.6
6/16/2011,94.95,75.75
6/17/2011,93.02,74.99
6/20/2011,93.23,75.03
6/21/2011,93.7,74.54
6/22/2011,94.96,74.78
6/23/2011,90.7,75.45
6/24/2011,90.89,75.67
6/27/2011,90.65,75.39
6/28/2011,92.9,75.06
6/29/2011,94.85,74.69
6/30/2011,95.3,74.3
7/1/2011,94.81,74.35
7/5/2011,96.92,74.69
7/6/2011,96.67,75.12
7/7/2011,98.7,74.96
7/8/2011,96.2,75.18
7/11/2011,95.16,75.99
7/12/2011,97.41,75.81
7/13/2011,98.04,75.21
7/14/2011,95.75,75.25
7/15/2011,97.24,75.13
7/18/2011,95.94,75.48
7/19/2011,97.49,75.22
7/20/2011,98.11,74.79
7/21/2011,98.96,74.02
7/22/2011,99.53,74.2
7/25/2011,98.97,74.06
7/26/2011,99.61,73.47
7/27/2011,97.4,74.09
7/28/2011,97.48,74.22
7/29/2011,95.68,73.9
8/1/2011,94.98,74.26
8/2/2011,93.78,74.51
8/3/2011,91.87,74.04
8/4/2011,86.75,75.12
8/5/2011,86.89,74.6
8/8/2011,81.27,74.79
8/9/2011,79.32,74.61
8/10/2011,83.05,74.64
8/11/2011,85.48,74.68
8/12/2011,85.19,74.61
8/15/2011,87.88,73.84
8/16/2011,86.65,74.01
8/17/2011,87.58,73.67
8/18/2011,82.38,74.24
8/19/2011,82.33,74.01
8/22/2011,84.42,74.07
8/23/2011,85.35,73.89
8/24/2011,84.99,74.01
8/25/2011,85.15,74.28
8/26/2011,85.37,73.81
8/29/2011,87.27,73.72
8/30/2011,88.9,73.95
8/31/2011,88.81,74.12
9/1/2011,88.93,74.48
9/2/2011,86.45,74.76
9/6/2011,85.99,75.95
9/7/2011,89.34,75.47
9/8/2011,89.05,76.25
9/9/2011,87.24,77.19
9/12/2011,88.19,77.58
9/13/2011,90.21,76.92
9/14/2011,88.91,76.83
9/15/2011,89.4,76.24
9/16/2011,87.96,76.6
9/19/2011,85.7,77.15
9/20/2011,86.92,77.02
9/21/2011,85.77,77.34
9/22/2011,80.29,78.45
9/23/2011,79.58,78.5
9/26/2011,79.97,78.36
9/27/2011,84.18,77.51
9/28/2011,80.94,77.85
9/29/2011,81.87,78.03
9/30/2011,78.93,78.55
10/3/2011,77.34,79.43
10/4/2011,75.4,79.6
10/5/2011,79.41,78.92
10/6/2011,82.32,78.63
10/7/2011,82.7,78.73
10/10/2011,85.14,77.49
10/11/2011,85.54,77.58
10/12/2011,85.3,76.99
10/13/2011,83.96,77
10/14/2011,86.8,76.62
10/17/2011,86.38,77.15
10/18/2011,88.34,77.14
10/19/2011,86.11,77.11
10/20/2011,86.07,76.97
10/21/2011,87.19,76.39
10/24/2011,91.12,76.03
10/25/2011,92.98,76.12
10/26/2011,90.2,76.25
10/27/2011,93.96,74.88
10/28/2011,93.32,75.07
10/31/2011,93.19,76.17
11/1/2011,92.19,77.26
11/2/2011,92.51,77.02
11/3/2011,94.07,76.67
11/4/2011,94.26,76.96
11/7/2011,95.52,76.96
11/8/2011,96.8,76.59
11/9/2011,95.74,77.93
11/10/2011,97.78,77.74
11/11/2011,98.99,76.94
11/14/2011,98.14,77.57
11/15/2011,99.37,77.87
11/16/2011,102.59,78.02
11/17/2011,98.82,78.28
11/18/2011,97.67,78.06
11/21/2011,96.73,78.3
11/22/2011,97.76,78.27
11/23/2011,96.16,79.14
11/25/2011,96.91,79.69
11/28/2011,98.21,79.26
11/29/2011,99.79,79.01
11/30/2011,100.36,78.38
12/1/2011,100.2,78.33
12/2/2011,100.97,78.62
12/5/2011,100.94,78.57
12/6/2011,101.25,78.5
12/7/2011,100.45,78.48
12/8/2011,98.35,78.83
12/9/2011,99.4,78.63
12/12/2011,97.77,79.53
12/13/2011,100.24,80.24
12/14/2011,94.92,80.59
12/15/2011,93.84,80.32
12/16/2011,93.55,80.26
12/19/2011,93.86,80.25
12/20/2011,97.16,79.88
12/21/2011,98.54,80.02
12/22/2011,99.42,79.96
12/23/2011,99.72,79.93
12/27/2011,101.29,79.8
12/28/2011,99.44,80.5
12/29/2011,99.68,80.49
12/30/2011,98.83,80.18
1/3/2012,102.96,79.61
1/4/2012,103.22,80.13
1/5/2012,101.81,80.94
1/6/2012,101.56,81.25
1/9/2012,101.31,81.05
1/10/2012,102.24,80.81
1/11/2012,100.89,81.35
1/12/2012,99.03,80.77
1/13/2012,98.69,81.52
1/17/2012,100.7,81.18
1/18/2012,100.61,80.61
1/19/2012,100.32,80.22
1/20/2012,98.15,80.22
1/23/2012,99.47,79.78
1/24/2012,98.84,79.87
1/25/2012,99.23,79.58
1/26/2012,99.76,79.39
1/27/2012,99.47,78.9
1/30/2012,98.75,79.17
1/31/2012,98.46,79.29
2/1/2012,97.63,78.92
2/2/2012,96.36,78.99
2/3/2012,97.8,78.92
2/6/2012,96.89,79.07
2/7/2012,98.55,78.58
2/8/2012,98.8,78.64
2/9/2012,99.88,78.57
2/10/2012,98.68,79.11
2/13/2012,100.39,78.95
2/14/2012,100.82,79.58
2/15/2012,101.82,79.67
2/16/2012,102.33,79.35
2/17/2012,103.27,79.33
2/21/2012,105.88,79.04
2/22/2012,105.99,79.21
2/23/2012,107.44,78.82
2/24/2012,109.39,78.35
2/27/2012,108.49,78.57
2/28/2012,106.59,78.27
2/29/2012,107.08,78.74
3/1/2012,108.76,78.79
3/2/2012,106.68,79.4
3/5/2012,106.7,79.3
3/6/2012,104.71,79.87
3/7/2012,106.16,79.71
3/8/2012,106.65,79.14
3/9/2012,107.4,80.04
3/12/2012,106.34,79.89
3/13/2012,106.7,80.19
3/14/2012,105.49,80.56
3/15/2012,105.19,80.15
3/16/2012,107.03,79.79
3/19/2012,108.09,79.79
3/20/2012,105.68,79.59
3/21/2012,106.87,79.66
3/22/2012,104.98,79.74
3/23/2012,106.43,79.34
3/26/2012,107.07,78.98
3/27/2012,107.32,79.05
3/28/2012,105.4,79.13
3/29/2012,102.79,79.19
3/30/2012,103.03,79
4/2/2012,105.25,78.82
4/3/2012,104.02,79.48
4/4/2012,101.53,79.78
4/5/2012,103.29,80.08
4/9/2012,102.45,79.73
4/10/2012,101.12,79.89
4/11/2012,102.66,79.8
4/12/2012,103.69,79.28
4/13/2012,102.84,79.89
4/16/2012,102.92,79.56
4/17/2012,104.23,79.48
4/18/2012,102.65,79.54
4/19/2012,102.38,79.56
4/20/2012,103.58,79.19
4/23/2012,102.68,79.42
4/24/2012,103.1,79.22
4/25/2012,103.72,79.01
4/26/2012,104.56,78.92
4/27/2012,104.86,78.71
4/30/2012,104.89,78.78
5/1/2012,106.17,78.86
5/2/2012,105.25,79.13
5/3/2012,102.56,79.22
5/4/2012,98.49,79.5
5/7/2012,97.86,79.6
5/8/2012,97.13,79.74
5/9/2012,96.8,80.08
5/10/2012,97.1,80.11
5/11/2012,96.03,80.26
5/14/2012,94.75,80.61
5/15/2012,93.97,81.22
5/16/2012,92.78,81.37
5/17/2012,92.53,81.38
5/18/2012,91.51,81.29
5/21/2012,92.57,81.08
5/22/2012,91.44,81.49
5/23/2012,89.4,82.09
5/24/2012,90.36,82.35
5/25/2012,90.64,82.4
5/29/2012,90.75,82.48
5/30/2012,87.79,83.02
5/31/2012,86.52,83.04
6/1/2012,83.17,82.89
6/4/2012,83.95,82.56
6/5/2012,84.31,82.83
6/6/2012,85.05,82.32
6/7/2012,84.78,82.05
6/8/2012,84.08,82.51
6/11/2012,82.58,82.52
6/12/2012,83.35,82.42
6/13/2012,82.56,82.06
6/14/2012,83.83,81.99
6/15/2012,84.03,81.63
6/18/2012,83.26,81.95
6/19/2012,83.99,81.38
6/20/2012,81.06,81.58
6/21/2012,77.91,82.29
6/22/2012,79.33,82.26
6/25/2012,78.76,82.5
6/26/2012,79.34,82.37
6/27/2012,80.27,82.62
6/28/2012,77.72,82.81
6/29/2012,85.04,81.63
7/2/2012,83.72,81.87
7/3/2012,87.74,81.78
7/5/2012,87.11,82.81
7/6/2012,84.37,83.38
7/9/2012,85.93,83.16
7/10/2012,83.92,83.4
7/11/2012,85.88,83.57
7/12/2012,86.02,83.66
7/13/2012,87.15,83.35
7/16/2012,88.41,83.1
7/17/2012,89.07,83.03
7/18/2012,89.88,83.07
7/19/2012,92.78,82.88
7/20/2012,91.56,83.48
7/23/2012,87.77,83.71
7/24/2012,88.28,84
7/25/2012,88.8,83.52
7/26/2012,89.4,82.81
7/27/2012,90.13,82.71
7/30/2012,89.8,82.79
7/31/2012,88.08,82.64
8/1/2012,88.99,83.06
8/2/2012,87.22,83.36
8/3/2012,91.4,82.38
8/6/2012,92.3,82.27
8/7/2012,93.68,82.21
8/8/2012,93.39,82.39
8/9/2012,93.39,82.64
8/10/2012,92.94,82.55
8/13/2012,92.76,82.44
8/14/2012,93.4,82.48
8/15/2012,94.35,82.64
8/16/2012,95.66,82.36
8/17/2012,96,82.6
8/20/2012,96.03,82.46
8/21/2012,96.55,81.91
8/22/2012,96.89,81.49
8/23/2012,95.87,81.36
8/24/2012,95.78,81.59
8/27/2012,95.54,81.66
8/28/2012,96.3,81.37
8/29/2012,95.5,81.55
8/30/2012,94.61,81.69
8/31/2012,96.47,81.21
9/4/2012,95.34,81.31
9/5/2012,95.37,81.23
9/6/2012,95.58,81.04
9/7/2012,96.41,80.25
9/10/2012,96.52,80.25
9/11/2012,97.03,79.86
9/12/2012,97.02,79.74
9/13/2012,98.3,79.26
9/14/2012,98.94,78.85
9/17/2012,96.51,79.01
9/18/2012,95.25,79.25
9/19/2012,91.97,79.06
9/20/2012,92.14,79.41
9/21/2012,92.64,79.33
9/24/2012,91.68,79.52
9/25/2012,91.07,79.55
9/26/2012,89.92,79.89
9/27/2012,91.89,79.55
9/28/2012,92.18,79.94
10/1/2012,92.44,79.82
10/2/2012,91.88,79.74
10/3/2012,88.19,79.97
10/4/2012,91.69,79.35
10/5/2012,89.87,79.34
10/8/2012,89.43,79.54
10/9/2012,92.42,79.95
10/10/2012,91.24,79.92
10/11/2012,92.19,79.78
10/12/2012,91.83,79.67
10/15/2012,91.84,79.74
10/16/2012,92.07,79.41
10/17/2012,92.04,79.02
10/18/2012,92,79.37
10/19/2012,90,79.62
10/22/2012,88.3,79.65
10/23/2012,86.65,79.98
10/24/2012,85.39,79.91
10/25/2012,85.59,80.04
10/26/2012,85.84,80.07
10/29/2012,85.52,80.23
10/30/2012,85.65,79.93
10/31/2012,86.23,79.92
11/1/2012,87.05,80.05
11/2/2012,84.9,80.59
11/5/2012,85.64,80.75
11/6/2012,88.62,80.61
11/7/2012,84.5,80.76
11/8/2012,85.07,80.79
11/9/2012,86.08,81.03
11/12/2012,85.56,81.03
11/13/2012,85.38,81.08
11/14/2012,86.32,81.06
11/15/2012,85.45,81.08
11/16/2012,86.62,81.26
11/19/2012,89.05,80.87
11/20/2012,86.46,80.96
11/21/2012,87.08,80.93
11/23/2012,87.01,80.19
11/26/2012,87.28,80.25
11/27/2012,86.81,80.4
11/28/2012,86.1,80.34
11/29/2012,87.64,80.2
11/30/2012,88.54,80.15
12/3/2012,88.69,79.88
12/4/2012,88.04,79.64
12/5/2012,87.36,79.77
12/6/2012,85.47,80.26
12/7/2012,85.45,80.41
12/10/2012,85.14,80.33
12/11/2012,85.36,80.06
12/12/2012,86.35,79.81
12/13/2012,85.39,79.93
12/14/2012,86.32,79.58
12/17/2012,86.71,79.57
12/18/2012,87.46,79.36
12/19/2012,89.09,79.27
12/20/2012,89.76,79.26
12/21/2012,88.2,79.62
12/24/2012,88.29,79.64
12/26/2012,90.71,79.62
12/27/2012,90.91,79.62
12/28/2012,90.66,79.68
12/31/2012,91.83,79.77
1/2/2013,93.14,79.84
1/3/2013,92.97,80.38
1/4/2013,93.12,80.5
1/7/2013,93.2,80.26
1/8/2013,93.21,80.34
1/9/2013,93.08,80.56
1/10/2013,93.81,79.74
1/11/2013,93.6,79.56
1/14/2013,94.27,79.49
1/15/2013,93.26,79.78
1/16/2013,94.28,79.8
1/17/2013,95.49,79.65
1/18/2013,95.61,80.04
1/22/2013,96.09,79.87
1/23/2013,95.06,79.92
1/24/2013,95.35,79.95
1/25/2013,95.15,79.75
1/28/2013,95.95,79.75
1/29/2013,97.62,79.56
1/30/2013,97.98,79.28
1/31/2013,97.65,79.21
2/1/2013,97.46,79.21
2/4/2013,96.21,79.55
2/5/2013,96.68,79.49
2/6/2013,96.44,79.72
2/7/2013,95.84,80.19
2/8/2013,95.71,80.21
2/11/2013,97.01,80.31
2/12/2013,97.48,80.11
2/13/2013,97.03,80.09
2/14/2013,97.3,80.46
2/15/2013,95.95,80.58
2/19/2013,96.69,80.47
2/20/2013,94.92,81.07
2/21/2013,92.79,81.46
2/22/2013,93.12,81.46
2/25/2013,92.74,81.67
2/26/2013,92.63,81.87
2/27/2013,92.84,81.6
2/28/2013,92.03,81.95
3/1/2013,90.71,82.28
3/4/2013,90.13,82.19
3/5/2013,90.88,82.09
3/6/2013,90.47,82.46
3/7/2013,91.53,82.08
3/8/2013,92.01,82.72
3/11/2013,92.07,82.57
3/12/2013,92.44,82.58
3/13/2013,92.47,82.89
3/14/2013,93.03,82.61
3/15/2013,93.49,82.13
3/18/2013,93.71,82.69
3/19/2013,92.44,82.99
3/20/2013,93.21,82.78
3/21/2013,92.46,82.74
3/22/2013,93.41,82.53
3/25/2013,94.55,82.83
3/26/2013,95.99,82.88
3/27/2013,96.53,83.22
3/28/2013,97.24,82.99
4/1/2013,97.1,82.73
4/2/2013,97.23,82.92
4/3/2013,95.02,82.72
4/4/2013,93.26,82.68
4/5/2013,92.76,82.5
4/8/2013,93.36,82.75
4/9/2013,94.18,82.31
4/10/2013,94.59,82.53
4/11/2013,93.44,82.25
4/12/2013,91.23,82.13
4/15/2013,88.75,82.42
4/16/2013,88.73,81.75
4/17/2013,86.65,82.68
4/18/2013,87.83,82.56
4/19/2013,88.04,82.71
4/22/2013,88.81,82.68
4/23/2013,89.21,83.05
4/24/2013,91.07,83.05
4/25/2013,93.27,82.74
4/26/2013,92.63,82.47
4/29/2013,94.09,82.15
4/30/2013,93.22,81.75
5/1/2013,90.74,81.48
5/2/2013,93.7,82.22
5/3/2013,95.25,82.1
5/6/2013,95.8,82.31
5/7/2013,95.28,82.25
5/8/2013,96.24,81.9
5/9/2013,96.09,82.79
5/10/2013,95.81,83.14
5/13/2013,94.76,83.28
5/14/2013,93.96,83.59
5/15/2013,93.95,83.83
5/16/2013,94.85,83.59
5/17/2013,95.72,84.25
5/20/2013,96.29,83.74
5/21/2013,95.55,83.86
5/22/2013,93.98,84.35
5/23/2013,94.12,83.8
5/24/2013,93.84,83.7
5/28/2013,94.65,84.1
5/29/2013,93.13,83.66
5/30/2013,93.57,83.04
5/31/2013,91.93,83.26
6/3/2013,93.41,82.66
6/4/2013,93.36,82.77
6/5/2013,93.66,82.59
6/6/2013,94.71,81.54
6/7/2013,96.11,81.67
6/10/2013,95.82,81.65
6/11/2013,95.5,81.11
6/12/2013,95.98,80.95
6/13/2013,96.66,80.75
6/14/2013,97.83,80.62
6/17/2013,97.86,80.79
6/18/2013,98.46,80.61
6/19/2013,98.24,81.43
6/20/2013,94.89,81.92
6/21/2013,93.81,82.41
6/24/2013,95.07,82.42
6/25/2013,95.25,82.58
6/26/2013,95.47,82.98
6/27/2013,97,82.9
6/28/2013,96.36,83.14
7/1/2013,97.94,83.05
7/2/2013,99.65,83.54
7/3/2013,101.92,83.23
7/5/2013,103.09,84.44
7/8/2013,103.03,84.19
7/9/2013,103.46,84.58
7/10/2013,106.41,84.04
7/11/2013,104.77,82.75
7/12/2013,105.85,82.99
7/15/2013,106.2,83.04
7/16/2013,105.88,82.5
7/17/2013,106.39,82.71
7/18/2013,107.94,82.82
7/19/2013,108,82.62
7/22/2013,106.61,82.22
7/23/2013,107.13,81.94
7/24/2013,105.41,82.29
7/25/2013,105.47,81.97
7/26/2013,104.76,81.66
7/29/2013,104.61,81.66
7/30/2013,103.14,81.83
7/31/2013,105.1,81.45
8/1/2013,107.93,82.34
8/2/2013,106.94,81.91
8/5/2013,106.61,81.88
8/6/2013,105.32,81.6
8/7/2013,104.41,81.29
8/8/2013,103.45,80.98
8/9/2013,106.04,81.13
8/12/2013,106.19,81.33
8/13/2013,106.78,81.77
8/14/2013,106.89,81.71
8/15/2013,107.43,81.18
8/16/2013,107.58,81.26
8/19/2013,107.14,81.23
8/20/2013,104.9,80.91
8/21/2013,103.93,81.21
8/22/2013,104.93,81.49
8/23/2013,106.48,81.36
8/26/2013,105.88,81.41
8/27/2013,109.11,81.17
8/28/2013,110.17,81.43
8/29/2013,108.51,81.95
8/30/2013,107.98,82.09
9/3/2013,108.67,82.36
9/4/2013,107.29,82.17
9/5/2013,108.5,82.63
9/6/2013,110.62,82.15
9/9/2013,109.62,81.79
9/10/2013,107.48,81.82
9/11/2013,107.65,81.52
9/12/2013,108.72,81.49
9/13/2013,108.31,81.45
9/16/2013,106.54,81.3
9/17/2013,105.36,81.14
9/18/2013,108.23,80.24
9/19/2013,106.26,80.37
9/20/2013,104.7,80.43
9/23/2013,103.62,80.45
9/24/2013,103.22,80.56
9/25/2013,102.68,80.33
9/26/2013,103.1,80.52
9/27/2013,102.86,80.29
9/30/2013,102.36,80.22
10/1/2013,102.09,80.14
10/2/2013,104.15,79.9
10/3/2013,103.29,79.75
10/4/2013,103.83,80.13
10/7/2013,103.07,79.94
10/8/2013,103.54,80.06
10/9/2013,101.63,80.38
10/10/2013,103.08,80.42
10/11/2013,102.17,80.41
10/14/2013,102.46,80.26
10/15/2013,101.15,80.48
10/16/2013,102.34,80.47
10/17/2013,100.72,79.65
10/18/2013,100.87,79.65
10/21/2013,99.28,79.69
10/22/2013,97.63,79.23
10/23/2013,96.9,79.26
10/24/2013,96.65,79.19
10/25/2013,97.4,79.19
10/28/2013,98.74,79.25
10/29/2013,98.29,79.61
10/30/2013,96.81,79.78
10/31/2013,96.29,80.19
11/1/2013,94.56,80.72
11/4/2013,94.58,80.55
11/5/2013,93.4,80.71
11/6/2013,94.74,80.48
11/7/2013,94.25,80.84
11/8/2013,94.56,81.3
11/11/2013,95.13,81.09
11/12/2013,93.12,81.19
11/13/2013,93.91,80.93
11/14/2013,93.76,81.02
11/15/2013,93.8,80.85
11/18/2013,93.03,80.83
11/19/2013,93.35,80.7
11/20/2013,93.34,81.11
11/21/2013,95.35,81.07
11/22/2013,94.53,80.71
11/25/2013,93.86,80.92
11/26/2013,93.41,80.61
11/27/2013,92.05,80.72
11/29/2013,92.55,80.68
12/2/2013,93.61,80.92
12/3/2013,95.83,80.92
12/4/2013,96.97,80.62
12/5/2013,97.14,80.23
12/6/2013,97.48,80.31
12/9/2013,97.1,80.13
12/10/2013,98.32,79.97
12/11/2013,97.25,79.89
12/12/2013,97.21,80.21
12/13/2013,96.27,80.21
12/16/2013,97.18,80.07
12/17/2013,96.99,80.06
12/18/2013,97.59,80.11
12/19/2013,98.4,80.63
12/20/2013,99.11,80.58
12/23/2013,98.62,80.45
12/24/2013,98.87,80.45
12/26/2013,99.18,80.48
12/27/2013,99.94,80.39
12/30/2013,98.9,80
12/31/2013,98.17,80.03
1/2/2014,95.14,80.63
1/3/2014,93.66,80.79
1/6/2014,93.12,80.65
1/7/2014,93.31,80.83
1/8/2014,91.9,81.02
1/9/2014,91.36,81
1/10/2014,92.39,80.66
1/13/2014,91.45,80.51
1/14/2014,92.15,80.66
1/15/2014,93.78,81.03
1/16/2014,93.54,80.91
1/17/2014,93.96,81.22
1/20/2014,,81.22
1/21/2014,94.51,81.1
1/22/2014,96.35,81.17
1/23/2014,97.23,80.44
1/24/2014,96.66,80.46
1/27/2014,95.82,80.52
1/28/2014,97.49,80.57
1/29/2014,97.34,80.5
1/30/2014,98.25,81.08
1/31/2014,97.55,81.31
2/3/2014,96.44,81.01
2/4/2014,97.24,81.12
2/5/2014,97.4,81.04
2/6/2014,97.84,80.91
2/7/2014,99.98,80.69
2/10/2014,100.12,80.64
2/11/2014,99.96,80.64
2/12/2014,100.38,80.68
2/13/2014,100.27,80.32
2/14/2014,100.31,80.15
2/18/2014,102.54,80.01
2/19/2014,103.46,80.14
2/20/2014,103.2,80.29
2/21/2014,102.53,80.24
2/24/2014,103.17,80.2
2/25/2014,102.2,80.14
2/26/2014,102.93,80.43
2/27/2014,102.68,80.28
2/28/2014,102.88,79.69
3/3/2014,105.34,80.08
3/4/2014,103.64,80.17
3/5/2014,101.75,80.11
3/6/2014,101.82,79.66
3/7/2014,102.82,79.72
3/10/2014,101.39,79.77
3/11/2014,100.29,79.74
3/12/2014,98.29,79.61
3/13/2014,98.57,79.62
3/14/2014,99.23,79.45
3/17/2014,98.43,79.39
3/18/2014,100.08,79.41
3/19/2014,100.71,80
3/20/2014,99.68,80.19
3/21/2014,99.97,80.11
3/24/2014,100.05,79.93
3/25/2014,99.66,79.94
3/26/2014,100.61,80.03
3/27/2014,101.25,80.11
3/28/2014,101.73,80.18
3/31/2014,101.57,80.1
4/1/2014,99.69,80.09
4/2/2014,99.6,80.22
4/3/2014,100.29,80.47
4/4/2014,101.16,80.42
4/7/2014,100.43,80.23
4/8/2014,102.57,79.75
4/9/2014,103.55,79.48
4/10/2014,103.37,79.38
4/11/2014,103.68,79.45
4/14/2014,104.05,79.73
4/15/2014,103.7,79.8
4/16/2014,103.71,79.8
4/17/2014,104.33,79.83
4/21/2014,104.35,79.94
4/22/2014,101.69,79.91
4/23/2014,101.47,79.86
4/24/2014,102.2,79.8
4/25/2014,100.85,79.75
4/28/2014,101.13,79.68
4/29/2014,101.56,79.81
4/30/2014,100.07,79.47
5/1/2014,99.69,79.53
5/2/2014,100.09,79.52
5/5/2014,99.74,79.49
5/6/2014,99.81,79.09
5/7/2014,101.06,79.2
5/8/2014,100.52,79.36
5/9/2014,100.32,79.9
5/12/2014,100.89,79.9
5/13/2014,102.01,80.14
5/14/2014,102.63,80.07
5/15/2014,101.74,80
5/16/2014,102.31,80.04
5/19/2014,102.95,79.99
5/20/2014,102.8,80.04
5/21/2014,104.31,80.09
5/22/2014,104.03,80.25
5/23/2014,105.01,80.39
5/26/2014,,80.39
5/27/2014,104.78,80.35
5/28/2014,103.37,80.57
5/29/2014,104.26,80.49
5/30/2014,103.4,80.37
6/2/2014,103.07,80.64
6/3/2014,103.34,80.55
6/4/2014,103.27,80.66
6/5/2014,103.17,80.37
6/6/2014,103.32,80.41
6/9/2014,105.09,80.65
6/10/2014,105.02,80.82
6/11/2014,105.04,80.77
6/12/2014,107.2,80.58
6/13/2014,107.49,80.58
6/16/2014,107.52,80.47
6/17/2014,106.95,80.63
6/18/2014,106.64,80.58
6/19/2014,107.08,80.32
6/20/2014,107.95,80.37
6/23/2014,106.83,80.27
6/24/2014,106.64,80.33
6/25/2014,107.04,80.22
6/26/2014,106.49,80.22
6/27/2014,106.46,80.02
6/30/2014,106.07,79.78
7/1/2014,106.06,79.81
7/2/2014,105.18,79.96
7/3/2014,104.76,80.21
7/7/2014,104.19,80.22
7/8/2014,104.06,80.18
7/9/2014,102.93,79.99
7/10/2014,103.61,80.13
7/11/2014,101.48,80.19
7/14/2014,101.73,80.19
7/15/2014,100.56,80.39
7/16/2014,101.88,80.56
7/17/2014,103.84,80.5
7/18/2014,103.83,80.52
7/21/2014,105.34,80.56
7/22/2014,104.59,80.78
7/23/2014,103.81,80.82
7/24/2014,102.76,80.87
7/25/2014,105.23,81.03
7/28/2014,105.68,81.03
7/29/2014,104.91,81.21
7/30/2014,104.29,81.43
7/31/2014,98.23,81.46
8/1/2014,97.86,81.3
8/4/2014,98.26,81.33
8/5/2014,97.34,81.33
8/6/2014,96.93,81.44
8/7/2014,97.34,81.52
8/8/2014,97.61,81.45
8/11/2014,98.09,81.47
8/12/2014,97.36,81.5
8/13/2014,97.57,81.6
8/14/2014,95.54,81.59
8/15/2014,97.3,81.42
8/18/2014,96.44,81.58
8/19/2014,94.35,81.88
8/20/2014,96.4,82.23
8/21/2014,93.97,82.15
8/22/2014,93.61,82.34
8/25/2014,95.39,82.55
8/26/2014,95.78,82.65
8/27/2014,95.82,82.43
8/28/2014,96.44,82.48
8/29/2014,97.86,82.75
9/2/2014,92.92,82.99
9/3/2014,95.5,82.86
9/4/2014,94.51,83.82
9/5/2014,93.32,83.74
9/8/2014,92.64,84.23
9/9/2014,92.73,84.28
9/10/2014,91.71,84.28
9/11/2014,92.89,84.3
9/12/2014,92.18,84.24
9/15/2014,92.86,84.26
9/16/2014,94.91,84.07
9/17/2014,94.33,84.34
9/18/2014,93.07,84.32
9/19/2014,92.43,84.73
9/22/2014,91.46,84.75
9/23/2014,91.55,84.66
9/24/2014,93.6,85.04
9/25/2014,93.59,85.19
9/26/2014,95.55,85.64
9/29/2014,94.53,85.59
9/30/2014,91.17,85.94
10/1/2014,90.74,85.97
10/2/2014,91.02,85.6
10/3/2014,89.76,86.69
10/6/2014,90.33,85.93
10/7/2014,88.89,85.67
10/8/2014,87.29,85.3
10/9/2014,85.76,85.52
10/10/2014,85.87,85.91
10/13/2014,85.73,85.53
10/14/2014,81.72,85.82
10/15/2014,81.82,85.15
10/16/2014,82.33,84.95
10/17/2014,82.8,85.11
10/20/2014,82.76,84.95
10/21/2014,83.25,85.3
10/22/2014,80.52,85.74
10/23/2014,82.81,85.84
10/24/2014,81.27,85.73
10/27/2014,81.26,85.5
10/28/2014,81.36,85.41
10/29/2014,82.25,85.95
10/30/2014,81.06,86.15
10/31/2014,80.53,86.92
11/3/2014,78.77,87.31
11/4/2014,77.15,86.98
11/5/2014,78.71,87.44
11/6/2014,77.87,88.01
11/7/2014,78.71,87.64
11/10/2014,77.43,87.81
11/11/2014,77.85,87.53
11/12/2014,77.16,87.82
11/13/2014,74.13,87.67
11/14/2014,75.91,87.53
11/17/2014,75.64,87.93
11/18/2014,74.55,87.58
11/19/2014,74.55,87.65
11/20/2014,75.63,87.59
11/21/2014,76.52,88.31
11/24/2014,75.74,88.15
11/25/2014,74.04,87.92
11/26/2014,73.7,87.61
11/28/2014,65.94,88.36
12/1/2014,68.98,87.95
12/2/2014,66.99,88.65
12/3/2014,67.3,88.96
12/4/2014,66.73,88.7
12/5/2014,65.89,89.33
12/8/2014,63.13,89.04
12/9/2014,63.74,88.69
12/10/2014,60.99,88.27
12/11/2014,60.01,88.66
12/12/2014,57.81,88.36
12/15/2014,55.96,88.46
12/16/2014,55.97,88.12
12/17/2014,56.43,89.13
12/18/2014,54.18,89.23
12/19/2014,56.91,89.6
12/22/2014,55.25,89.77
12/23/2014,56.78,90.06
12/24/2014,55.7,89.97
12/26/2014,54.59,90.03
12/29/2014,53.46,90.19
12/30/2014,54.14,89.99
12/31/2014,53.45,90.27
1/2/2015,52.72,91.08
1/5/2015,50.05,91.38
1/6/2015,47.98,91.5
1/7/2015,48.69,91.89
1/8/2015,48.8,92.37
1/9/2015,48.35,91.94
1/12/2015,46.06,91.98
1/13/2015,45.92,92.31
1/14/2015,48.49,92.16
1/15/2015,46.37,92.35
1/16/2015,48.49,92.52
1/20/2015,46.79,93.05
1/21/2015,47.85,92.9
1/22/2015,45.93,94.08
1/23/2015,45.26,94.76
1/26/2015,44.8,94.8
1/27/2015,45.84,94.02
1/28/2015,44.08,94.47
1/29/2015,44.12,94.78
1/30/2015,47.79,94.8
2/2/2015,49.25,94.5
2/3/2015,53.04,93.6
2/4/2015,48.45,93.99
2/5/2015,50.48,93.57
2/6/2015,51.66,95.85
2/9/2015,52.99,94.45
2/10/2015,50.06,94.76
2/11/2015,48.8,94.98
2/12/2015,51.17,94.09
2/13/2015,52.66,94.2
2/16/2015,,94.2
2/17/2015,53.56,94.06
2/18/2015,52.13,94.2
2/19/2015,51.12,94.4
2/20/2015,49.95,94.34
2/23/2015,49.56,94.57
2/24/2015,48.48,94.49
2/25/2015,50.25,94.21
2/26/2015,47.65,95.29
2/27/2015,49.84,95.32
3/2/2015,49.59,95.46
3/3/2015,50.43,95.38
3/4/2015,51.53,95.97
3/5/2015,50.76,96.38
3/6/2015,49.61,97.61
3/9/2015,49.95,97.59
3/10/2015,48.42,98.62
3/11/2015,48.06,99.8
3/12/2015,47.12,99.44
3/13/2015,44.88,100.33
3/16/2015,43.93,99.6
3/17/2015,43.39,99.58
3/18/2015,44.63,98.55
3/19/2015,44.02,99.26
3/20/2015,46,97.91
3/23/2015,47.4,97.03
3/24/2015,47.03,97.19
3/25/2015,48.75,96.98
3/26/2015,51.41,97.44
3/27/2015,48.83,97.29
3/30/2015,48.66,97.97
3/31/2015,47.72,98.36
4/1/2015,50.12,98.19
4/2/2015,49.13,97.44
4/6/2015,52.08,96.78
4/7/2015,53.95,97.83
4/8/2015,50.44,97.94
4/9/2015,50.79,99.16
4/10/2015,51.63,99.34
4/13/2015,51.95,99.49
4/14/2015,53.3,98.73
4/15/2015,56.25,98.32
4/16/2015,56.69,97.42
4/17/2015,55.71,97.52
4/20/2015,56.37,97.94
4/21/2015,55.58,98
4/22/2015,56.17,97.93
4/23/2015,56.59,97.28
4/24/2015,55.98,96.92
4/27/2015,55.56,96.77
4/28/2015,57.05,96.09
4/29/2015,58.55,95.21
4/30/2015,59.62,94.6
5/1/2015,59.1,95.3
5/4/2015,58.92,95.48
5/5/2015,60.38,95.08
5/6/2015,60.93,94.09
5/7/2015,58.99,94.64
5/8/2015,59.41,94.79
5/11/2015,59.23,95.01
5/12/2015,60.72,94.53
5/13/2015,60.5,93.62
5/14/2015,59.89,93.46
5/15/2015,59.73,93.14
5/18/2015,59.44,94.22
5/19/2015,57.3,95.27
5/20/2015,58.96,95.45
5/21/2015,60.18,95.25
5/22/2015,58.88,96.11
5/26/2015,57.29,97.3
5/27/2015,57.51,97.37
5/28/2015,57.69,96.97
5/29/2015,60.25,96.91
6/1/2015,60.24,97.39
6/2/2015,61.3,95.83
6/3/2015,59.67,95.47
6/4/2015,58,95.46
6/5/2015,59.11,96.31
6/8/2015,58.15,95.3
6/9/2015,60.15,95.17
6/10/2015,61.36,94.65
6/11/2015,60.74,94.98
6/12/2015,59.96,94.97
6/15/2015,59.53,94.81
6/16/2015,60.01,95
6/17/2015,59.89,94.3
6/18/2015,60.41,94.04
6/19/2015,59.62,94.08
6/22/2015,60.01,94.33
6/23/2015,61.05,95.43
6/24/2015,60.01,95.26
6/25/2015,59.59,95.19
6/26/2015,59.41,95.47
6/29/2015,58.34,94.79
6/30/2015,59.48,95.48
7/1/2015,56.94,96.31
7/2/2015,56.93,96.11
7/3/2015,,96.11
7/6/2015,52.48,96.3
7/7/2015,52.33,96.86
7/8/2015,51.61,96.29
7/9/2015,52.76,96.61
7/10/2015,52.74,96.03
7/13/2015,52.19,96.86
7/14/2015,53.05,96.64
7/15/2015,51.4,97.17
7/16/2015,50.9,97.67
7/17/2015,50.88,97.86
7/20/2015,50.11,98.03
7/21/2015,50.59,97.33
7/22/2015,49.27,97.6
7/23/2015,48.11,97.11
7/24/2015,47.98,97.24
7/27/2015,47.17,96.5
7/28/2015,47.97,96.77
7/29/2015,48.77,96.98
7/30/2015,48.53,97.56
7/31/2015,47.11,97.34
8/3/2015,45.25,97.49
8/4/2015,45.75,97.93
8/5/2015,45.13,97.96
8/6/2015,44.69,97.83
8/7/2015,43.87,97.56
8/10/2015,44.94,97.16
8/11/2015,43.11,97.29
8/12/2015,43.22,96.26
8/13/2015,42.27,96.44
8/14/2015,42.45,96.52
8/17/2015,41.93,96.81
8/18/2015,42.58,97.04
8/19/2015,40.75,96.36
8/20/2015,41,95.98
8/21/2015,40.45,95.01
8/24/2015,38.22,93.33
8/25/2015,39.15,94.53
8/26/2015,38.5,95.1
8/27/2015,42.47,95.61
8/28/2015,45.29,96.11
8/31/2015,49.2,95.82
9/1/2015,45.38,95.45
9/2/2015,46.3,95.83
9/3/2015,46.75,96.41
9/4/2015,46.02,96.23
9/7/2015,,96.23
9/8/2015,45.92,95.98
9/9/2015,44.13,96.01
9/10/2015,45.85,95.46
9/11/2015,44.75,95.19
9/14/2015,44.07,95.25
9/15/2015,44.58,95.61
9/16/2015,47.12,95.42
9/17/2015,46.93,94.55
9/18/2015,44.71,94.86
9/21/2015,46.67,95.89
9/22/2015,46.17,96.28
9/23/2015,44.53,96.07
9/24/2015,44.94,96.69
9/25/2015,45.55,96.27
9/28/2015,44.4,96.03
9/29/2015,45.24,95.86
9/30/2015,45.06,96.35
10/1/2015,44.75,96.19
10/2/2015,45.54,95.83
10/5/2015,46.28,96.11
10/6/2015,48.53,95.45
10/7/2015,47.86,95.5
10/8/2015,49.46,95.32
10/9/2015,49.67,94.81
10/12/2015,47.09,94.84
10/13/2015,46.7,94.76
10/14/2015,46.63,93.93
10/15/2015,46.38,94.37
10/16/2015,47.3,94.54
10/19/2015,45.91,94.93
10/20/2015,45.84,94.91
10/21/2015,45.22,95.03
10/22/2015,44.9,96.38
10/23/2015,43.91,97.13
10/26/2015,43.19,96.86
10/27/2015,43.21,96.91
10/28/2015,45.93,97.78
10/29/2015,46.02,97.28
10/30/2015,46.6,96.95
11/2/2015,46.12,96.93
11/3/2015,47.88,97.16
11/4/2015,46.32,97.95
11/5/2015,45.27,97.94
11/6/2015,44.32,99.17
11/9/2015,43.87,98.98
11/10/2015,44.23,99.29
11/11/2015,42.95,99.01
11/12/2015,41.74,98.65
11/13/2015,40.69,99
11/16/2015,41.68,99.44
11/17/2015,40.73,99.63
11/18/2015,40.75,99.65
11/19/2015,40.55,98.99
11/20/2015,39.39,99.56
11/23/2015,39.27,99.8
11/24/2015,40.89,99.53
11/25/2015,41.22,99.8
11/26/2015,,99.8
11/27/2015,40.57,100.02
11/30/2015,40.43,100.17
12/1/2015,40.58,99.8
12/2/2015,39.93,99.99
12/3/2015,41.08,97.62
12/4/2015,40,98.35
12/7/2015,37.64,98.66
12/8/2015,37.46,98.47
12/9/2015,37.16,97.34
12/10/2015,36.76,97.94
12/11/2015,35.65,97.56
12/14/2015,36.31,97.6
12/15/2015,37.32,98.22
12/16/2015,35.55,97.87
12/17/2015,34.98,99.27
12/18/2015,34.72,98.7
12/21/2015,34.55,98.36
12/22/2015,36.12,98.23
12/23/2015,36.76,98.34
12/24/2015,37.62,97.98
12/28/2015,36.36,97.92
12/29/2015,37.88,98.1
12/30/2015,36.59,98.27
12/31/2015,37.13,98.63
1/4/2016,36.81,98.87
1/5/2016,35.97,99.4
1/6/2016,33.97,99.18
1/7/2016,33.29,98.22
1/8/2016,33.2,98.54
1/11/2016,31.42,98.72
1/12/2016,30.42,98.97
1/13/2016,30.42,98.93
1/14/2016,31.22,99.09
1/15/2016,29.45,98.96
1/18/2016,,98.96
1/19/2016,28.47,98.99
1/20/2016,26.68,99.09
1/21/2016,29.55,99.06
1/22/2016,32.07,99.57
1/25/2016,30.31,99.36
1/26/2016,29.54,99.36
1/27/2016,32.32,98.9
1/28/2016,33.21,98.51
1/29/2016,33.66,99.61
2/1/2016,31.62,99.01
2/2/2016,29.9,98.87
2/3/2016,32.29,97.29
2/4/2016,31.63,96.47
2/5/2016,30.86,97.03
2/8/2016,29.71,96.57
2/9/2016,27.96,96.07
2/10/2016,27.54,95.89
2/11/2016,26.19,95.56
2/12/2016,29.32,95.94
2/16/2016,29.05,96.87
2/17/2016,30.68,96.79
2/18/2016,30.77,96.95
2/19/2016,29.59,96.6
2/22/2016,31.37,97.38
2/23/2016,31.84,97.48
2/24/2016,30.35,97.46
2/25/2016,31.4,97.29
2/26/2016,31.65,98.15
2/29/2016,32.74,98.21
3/1/2016,34.39,98.35
3/2/2016,34.57,98.21
3/3/2016,34.56,97.59
3/4/2016,35.91,97.34
3/7/2016,37.9,97.07
3/8/2016,36.67,97.21
3/9/2016,37.62,97.17
3/10/2016,37.77,96.07
3/11/2016,38.51,96.17
3/14/2016,37.2,96.62
3/15/2016,36.32,96.63
3/16/2016,38.43,95.89
3/17/2016,40.17,94.76
3/18/2016,39.47,95.09
3/21/2016,39.91,95.29
3/22/2016,41.45,95.65
3/23/2016,38.28,96.05
3/24/2016,38.14,96.14
3/28/2016,37.99,95.94
3/29/2016,36.91,95.16
3/30/2016,36.91,94.84
3/31/2016,36.94,94.59
4/1/2016,35.36,94.62
4/4/2016,34.3,94.51
4/5/2016,34.52,94.63
4/6/2016,37.74,94.43
4/7/2016,37.3,94.48
4/8/2016,39.74,94.23
4/11/2016,40.46,93.95
4/12/2016,42.12,93.96
4/13/2016,41.7,94.74
4/14/2016,41.45,94.9
4/15/2016,40.4,94.7
4/18/2016,39.74,94.49
4/19/2016,40.88,93.98
4/20/2016,42.72,94.49
4/21/2016,43.18,94.6
4/22/2016,42.76,95.12
4/25/2016,41.67,94.84
4/26/2016,42.52,94.57
4/27/2016,45.29,94.39
4/28/2016,46.03,93.76
4/29/2016,45.98,93.08
5/2/2016,44.75,92.63
5/3/2016,43.65,92.94
5/4/2016,43.77,93.18
5/5/2016,44.33,93.78
5/6/2016,44.58,93.89
5/9/2016,43.45,94.13
5/10/2016,44.68,94.29
5/11/2016,46.21,93.82
5/12/2016,46.64,94.15
5/13/2016,46.22,94.61
5/16/2016,47.72,94.57
5/17/2016,48.29,94.55
5/18/2016,48.12,95.08
5/19/2016,48.16,95.29
5/20/2016,47.67,95.33
5/23/2016,48.12,95.23
5/24/2016,48.04,95.57
5/25/2016,49.1,95.35
5/26/2016,49,95.17
5/27/2016,49.36,95.52
5/31/2016,49.1,95.89
6/1/2016,49.07,95.45
6/2/2016,49.14,95.56
6/3/2016,48.69,94.03
6/6/2016,49.71,93.9
6/7/2016,50.37,93.83
6/8/2016,51.23,93.59
6/9/2016,50.52,93.95
6/10/2016,49.09,94.57
6/13/2016,48.89,94.36
6/14/2016,48.49,94.93
6/15/2016,47.92,94.61
6/16/2016,46.14,94.57
6/17/2016,48,94.21
6/20/2016,49.4,93.61
6/21/2016,48.95,94.02
6/22/2016,49.16,93.72
6/23/2016,49.34,93.53
6/24/2016,46.7,95.45
6/27/2016,45.8,96.54
6/28/2016,47.93,96.25
6/29/2016,49.85,95.77
6/30/2016,48.27,96.14
7/1/2016,49.02,95.65
7/4/2016,,95.65
7/5/2016,46.73,96.17
7/6/2016,47.37,96.05
7/7/2016,45.22,96.33
7/8/2016,45.37,96.3
7/11/2016,44.73,96.57
7/12/2016,46.82,96.44
7/13/2016,44.87,96.22
7/14/2016,45.64,96.08
7/15/2016,45.93,96.58
7/18/2016,45.23,96.56
7/19/2016,44.64,97.06
7/20/2016,44.96,97.2
7/21/2016,43.96,97
7/22/2016,43.41,97.47
7/25/2016,42.4,97.29
7/26/2016,42.16,97.16
7/27/2016,41.9,97.05
7/28/2016,41.13,96.74
7/29/2016,41.54,95.53
8/1/2016,40.05,95.71
8/2/2016,39.5,95.06
8/3/2016,40.8,95.56
8/4/2016,41.92,95.76
8/5/2016,41.83,96.19
8/8/2016,43.06,96.4
8/9/2016,42.78,96.18
8/10/2016,41.75,95.65
8/11/2016,43.51,95.86
8/12/2016,44.47,95.72
8/15/2016,45.72,95.63
8/16/2016,46.57,94.79
8/17/2016,46.81,94.72
8/18/2016,48.2,94.16
8/19/2016,48.48,94.51
8/22/2016,46.8,94.52
8/23/2016,47.54,94.54
8/24/2016,46.29,94.79
8/25/2016,46.97,94.77
8/26/2016,47.64,95.57
8/29/2016,46.97,95.58
8/30/2016,46.32,96.05
8/31/2016,44.68,96.02
9/1/2016,43.17,95.65
9/2/2016,44.39,95.84
9/5/2016,,95.84
9/6/2016,44.85,94.82
9/7/2016,45.47,94.96
9/8/2016,47.63,95.03
9/9/2016,45.88,95.34
9/12/2016,46.28,95.09
9/13/2016,44.91,95.63
9/14/2016,43.62,95.33
9/15/2016,43.85,95.29
9/16/2016,43.04,96.11
9/19/2016,43.34,95.84
9/20/2016,43.85,96.02
9/21/2016,45.33,95.66
9/22/2016,46.1,95.45
9/23/2016,44.36,95.48
9/26/2016,45.6,95.3
9/27/2016,44.65,95.44
9/28/2016,47.07,95.43
9/29/2016,47.72,95.53
9/30/2016,47.72,95.46
10/3/2016,48.8,95.69
10/4/2016,48.67,96.17
10/5/2016,49.75,96.12
10/6/2016,50.44,96.77
10/7/2016,49.76,96.63
10/10/2016,49.76,96.93
10/11/2016,50.72,97.69
10/12/2016,50.14,97.97
10/13/2016,50.47,97.52
10/14/2016,50.35,98.02
10/17/2016,49.97,97.89
10/18/2016,50.3,97.89
10/19/2016,51.59,97.92
10/20/2016,50.31,98.31
10/21/2016,50.61,98.69
10/24/2016,50.18,98.76
10/25/2016,49.45,98.72
10/26/2016,48.75,98.63
10/27/2016,49.71,98.89
10/28/2016,48.72,98.35
10/31/2016,46.83,98.44
11/1/2016,46.66,97.7
11/2/2016,45.32,97.4
11/3/2016,44.66,97.16
11/4/2016,44.07,97.06
11/7/2016,44.88,97.78
11/8/2016,44.96,97.86
11/9/2016,45.2,98.5
11/10/2016,44.62,98.78
11/11/2016,43.39,99.06
11/14/2016,43.29,100.11
11/15/2016,45.86,100.23
11/16/2016,45.56,100.41
11/17/2016,45.37,100.89
11/18/2016,45.69,101.21
11/21/2016,47.48,101.05
11/22/2016,48.07,101.04
11/23/2016,46.72,101.7
11/24/2016,,101.7
11/25/2016,46.72,101.49
11/28/2016,45.66,101.33
11/29/2016,45.29,100.93
11/30/2016,49.41,101.5
12/1/2016,51.08,101.04
12/2/2016,51.7,100.77
12/5/2016,51.72,100.09
12/6/2016,50.95,100.49
12/7/2016,49.85,100.23
12/8/2016,50.84,101.1
12/9/2016,51.51,101.59
12/12/2016,52.74,101.03
12/13/2016,52.99,101.07
12/14/2016,51.01,101.76
12/15/2016,50.9,103.02
12/16/2016,51.93,102.95
12/19/2016,52.13,103.14
12/20/2016,52.22,103.29
12/21/2016,51.44,103.02
12/22/2016,51.98,103.09
12/23/2016,52.01,103.01
12/27/2016,52.82,103.02
12/28/2016,54.01,103.3
12/29/2016,53.8,102.68
12/30/2016,53.75,102.21
1/3/2017,52.36,103.21
1/4/2017,53.26,102.7
1/5/2017,53.77,101.52
1/6/2017,53.98,102.22
1/9/2017,51.95,101.93
1/10/2017,50.82,102.01
1/11/2017,52.19,101.78
1/12/2017,53.01,101.35
1/13/2017,52.36,101.18
1/16/2017,,101.18
1/17/2017,52.45,100.33
1/18/2017,51.12,100.93
1/19/2017,51.39,101.15
1/20/2017,52.33,100.74
1/23/2017,52.77,100.16
1/24/2017,52.38,100.35
1/25/2017,52.14,100.03
1/26/2017,53.24,100.38
1/27/2017,53.18,100.53
1/30/2017,52.63,100.43
1/31/2017,52.75,99.51
2/1/2017,53.9,99.64
2/2/2017,53.55,99.79
2/3/2017,53.81,99.87
2/6/2017,53.01,99.91
2/7/2017,52.19,100.26
2/8/2017,52.37,100.28
2/9/2017,52.99,100.65
2/10/2017,53.84,100.8
2/13/2017,52.96,100.96
2/14/2017,53.21,101.25
2/15/2017,53.11,101.18
2/16/2017,53.41,100.44
2/17/2017,53.41,100.95
2/20/2017,,100.95
2/21/2017,54.02,101.37
2/22/2017,53.61,101.22
2/23/2017,54.48,101.05
2/24/2017,53.99,101.09
2/27/2017,54.04,101.13
2/28/2017,54,101.12
3/1/2017,53.82,101.78
3/2/2017,52.63,102.2
3/3/2017,53.33,101.54
3/6/2017,53.19,101.64
3/7/2017,52.68,101.81
3/8/2017,49.83,102.07
3/9/2017,48.75,101.85
3/10/2017,48.05,101.25
3/13/2017,47.95,101.31
3/14/2017,47.24,101.7
3/15/2017,48.34,100.74
3/16/2017,48.3,100.36
3/17/2017,48.34,100.3
3/20/2017,47.79,100.41
3/21/2017,47.02,99.81
3/22/2017,47.29,99.68
3/23/2017,47,99.76
3/24/2017,47.3,99.63
3/27/2017,47.02,99.17
3/28/2017,48.36,99.71
3/29/2017,49.47,100
3/30/2017,50.3,100.41
3/31/2017,50.54,100.35
4/3/2017,50.25,100.54
4/4/2017,50.99,100.54
4/5/2017,51.14,100.56
4/6/2017,51.69,100.67
4/7/2017,52.25,101.18
4/10/2017,53.06,101.02
4/11/2017,53.38,100.71
4/12/2017,53.12,100.78
4/13/2017,53.19,100.56
4/17/2017,52.62,100.29
4/18/2017,52.46,99.5
4/19/2017,50.49,99.74
4/20/2017,50.26,99.78
4/21/2017,49.64,99.98
4/24/2017,48.9,99.09
4/25/2017,49.22,98.78
4/26/2017,49.22,99.05
4/27/2017,48.96,99.08
4/28/2017,49.31,99.05
5/1/2017,48.83,99.08
5/2/2017,47.65,98.98
5/3/2017,47.79,99.21
5/4/2017,45.55,98.8
5/5/2017,46.23,98.65
5/8/2017,46.46,99.06
5/9/2017,45.84,99.66
5/10/2017,47.28,99.67
5/11/2017,47.81,99.62
5/12/2017,47.83,99.25
5/15/2017,48.86,98.91
5/16/2017,48.64,98.11
5/17/2017,49.04,97.58
5/18/2017,49.36,97.88
5/19/2017,50.32,97.14
5/22/2017,50.81,96.98
5/23/2017,51.12,97.35
5/24/2017,50.99,97.24
5/25/2017,48.57,97.25
5/26/2017,49.58,97.44
5/29/2017,,97.44
5/30/2017,49.63,97.28
5/31/2017,48.29,96.92
6/1/2017,48.32,97.2
6/2/2017,47.68,96.72
6/5/2017,47.4,96.8
6/6/2017,48.13,96.64
6/7/2017,45.8,96.75
6/8/2017,45.68,96.92
6/9/2017,45.82,97.27
6/12/2017,46.1,97.14
6/13/2017,46.41,96.97
6/14/2017,44.79,96.94
6/15/2017,44.47,97.43
6/16/2017,44.73,97.16
6/19/2017,44.24,97.55
6/20/2017,43.34,97.76
6/21/2017,42.48,97.56
6/22/2017,42.53,97.59
6/23/2017,42.86,97.26
6/26/2017,43.24,97.43
6/27/2017,44.25,96.39
6/28/2017,44.74,96.01
6/29/2017,44.88,95.63
6/30/2017,46.02,95.63
7/3/2017,,96.22
7/4/2017,,96.22
7/5/2017,45.11,96.29
7/6/2017,45.52,95.8
7/7/2017,44.25,96.01
7/10/2017,44.4,96.02
7/11/2017,45.06,95.67
7/12/2017,45.48,95.76
7/13/2017,46.06,95.73
7/14/2017,46.53,95.15
7/17/2017,46.02,95.13
7/18/2017,46.4,94.6
7/19/2017,47.1,94.78
7/20/2017,46.73,94.31
7/21/2017,45.78,93.86
7/24/2017,46.21,93.98
7/25/2017,47.77,94.05
7/26/2017,48.58,93.67
7/27/2017,49.05,93.86
7/28/2017,49.72,93.26
7/31/2017,50.21,92.86
8/1/2017,49.19,93.04
8/2/2017,49.6,92.84
8/3/2017,49.03,92.84
8/4/2017,49.57,93.54
8/7/2017,49.37,93.43
8/8/2017,49.07,93.65
8/9/2017,49.59,93.55
8/10/2017,48.54,93.4
8/11/2017,48.81,93.07
8/14/2017,47.59,93.41
8/15/2017,47.57,93.85
8/16/2017,46.8,93.54
8/17/2017,47.07,93.62
8/18/2017,48.59,93.43
8/21/2017,47.39,93.09
8/22/2017,47.65,93.55
8/23/2017,48.45,93.15
8/24/2017,47.24,93.28
8/25/2017,47.65,92.74
8/28/2017,46.4,92.21
8/29/2017,46.46,92.25
8/30/2017,45.96,92.88
8/31/2017,47.26,92.67
9/1/2017,47.32,92.81
9/4/2017,,92.64
9/5/2017,48.63,92.25
9/6/2017,49.13,92.29
9/7/2017,49.1,91.66
9/8/2017,47.44,91.35
9/11/2017,48.06,91.9
9/12/2017,48.21,91.88
9/13/2017,49.3,92.52
9/14/2017,49.86,92.12
9/15/2017,49.9,91.87
9/18/2017,49.88,92.05
9/19/2017,49.54,91.79
9/20/2017,50.29,92.51
9/21/2017,50.58,92.19
9/22/2017,50.33,92.17
9/25/2017,51.85,92.65
9/26/2017,51.59,92.97
9/27/2017,52.14,93.36
9/28/2017,51.62,93.08
9/29/2017,51.67,93.08
10/2/2017,50.59,93.56
10/3/2017,50.44,93.57
10/4/2017,50,93.46
10/5/2017,50.79,93.96
10/6/2017,49.34,93.8
10/9/2017,49.58,93.67
10/10/2017,50.93,93.29
10/11/2017,51.3,93.02
10/12/2017,50.61,93.06
10/13/2017,51.43,93.09
10/16/2017,51.86,93.31
10/17/2017,51.87,93.51
10/18/2017,52.05,93.36
10/19/2017,51.29,93.16
10/20/2017,51.63,93.7
10/23/2017,51.91,93.94
10/24/2017,52.32,93.77
10/25/2017,51.97,93.71
10/26/2017,52.41,94.61
10/27/2017,53.92,94.92
10/30/2017,54.11,94.56
10/31/2017,54.36,94.55
11/1/2017,54.32,94.81
11/2/2017,54.55,94.69
11/3/2017,55.63,94.94
11/6/2017,57.34,94.76
11/7/2017,57.19,94.91
11/8/2017,56.82,94.87
11/9/2017,57.16,94.44
11/10/2017,56.75,94.39
11/13/2017,56.77,94.49
11/14/2017,55.67,93.83
11/15/2017,55.28,93.81
11/16/2017,55.14,93.93
11/17/2017,56.21,93.66
11/20/2017,56.21,94.08
11/21/2017,56.84,93.95
11/22/2017,57.88,93.22
11/23/2017,,93.22
11/24/2017,58.94,92.78
11/27/2017,58.1,92.9
11/28/2017,57.96,93.27
11/29/2017,57.25,93.16
11/30/2017,57.4,93.05
12/1/2017,58.35,92.89
12/4/2017,57.48,93.19
12/5/2017,57.66,93.38
12/6/2017,55.79,93.61
12/7/2017,56.5,93.8
12/8/2017,57.15,93.9
12/11/2017,57.84,93.87
12/12/2017,57.12,94.1
12/13/2017,56.59,93.43
12/14/2017,57,93.49
12/15/2017,57.29,93.93
12/18/2017,57.17,93.69
12/19/2017,57.49,93.44
12/20/2017,58.09,93.31
12/21/2017,58.34,93.28
12/22/2017,58.25,93.35
12/26/2017,59.55,93.26
12/27/2017,59.67,93.03
12/28/2017,59.84,92.6
12/29/2017,60.46,92.12
1/2/2018,60.37,91.87
1/3/2018,61.61,92.16
1/4/2018,61.98,91.85
1/5/2018,61.49,91.95
1/8/2018,61.73,92.36
1/9/2018,62.92,92.53
1/10/2018,63.6,92.33
1/11/2018,63.81,91.85
1/12/2018,64.22,90.97
1/15/2018,,90.97
1/16/2018,63.82,90.39
1/17/2018,63.92,90.54
1/18/2018,63.96,90.5
1/19/2018,63.38,90.57
1/22/2018,63.66,90.4
1/23/2018,64.45,90.12
1/24/2018,65.69,89.21
1/25/2018,65.62,89.39
1/26/2018,66.27,89.07
1/29/2018,65.71,89.31
1/30/2018,64.64,89.16
1/31/2018,64.82,89.13
2/1/2018,65.92,88.67
2/2/2018,65.5,89.19
2/5/2018,64.18,89.55
2/6/2018,63.48,89.58
2/7/2018,61.91,90.25
2/8/2018,61.3,90.23
2/9/2018,59.2,90.44
2/12/2018,59.41,90.21
2/13/2018,59.33,89.7
2/14/2018,60.7,89.12
2/15/2018,61.48,88.59
2/16/2018,61.89,89.1
2/19/2018,,89.1
2/20/2018,61.91,89.72
2/21/2018,61.73,90
2/22/2018,62.72,89.74
2/23/2018,63.52,89.88
2/26/2018,63.81,89.85
2/27/2018,62.94,90.36
2/28/2018,61.43,90.61
3/1/2018,60.98,90.32
3/2/2018,61.19,89.94
3/5/2018,62.49,90.08
3/6/2018,62.54,89.62
3/7/2018,61.09,89.64
3/8/2018,60.13,90.18
3/9/2018,62.02,90.09
3/12/2018,61.35,89.89
3/13/2018,60.69,89.66
3/14/2018,60.89,89.7
3/15/2018,61.16,90.14
3/16/2018,62.29,90.23
3/19/2018,62.01,89.77
3/20/2018,63.37,90.37
3/21/2018,65.1,89.78
3/22/2018,64.25,89.86
3/23/2018,65.8,89.48
3/26/2018,65.49,89.03
3/27/2018,65.21,89.33
3/28/2018,64.3,90.06
3/29/2018,64.87,90.15
4/2/2018,63.05,90.05
4/3/2018,63.41,90.2
4/4/2018,63.35,90.14
4/5/2018,63.53,90.46
4/6/2018,62.03,90.11
4/9/2018,63.4,89.84
4/10/2018,65.48,89.59
4/11/2018,66.81,89.57
4/12/2018,67.07,89.75
4/13/2018,67.35,89.8
4/16/2018,66.23,89.42
4/17/2018,66.5,89.52
4/18/2018,68.44,89.62
4/19/2018,68.3,89.94
4/20/2018,68.26,90.32
4/23/2018,67.61,90.95
4/24/2018,67.66,90.77
4/25/2018,68,91.17
4/26/2018,68.18,91.56
4/27/2018,68.11,91.54
4/30/2018,68.56,91.84
5/1/2018,67.28,92.45
5/2/2018,67.91,92.51
5/3/2018,68.45,92.41
5/4/2018,69.71,92.57
5/7/2018,70.74,92.75
5/8/2018,68.83,93.12
5/9/2018,71.16,93.04
5/10/2018,71.36,92.65
5/11/2018,70.69,92.54
5/14/2018,71.01,92.59
5/15/2018,71.34,93.22
5/16/2018,71.43,93.39
5/17/2018,71.47,93.47
5/18/2018,71.23,93.64
5/21/2018,72.26,93.68
5/22/2018,72.09,93.61
5/23/2018,71.85,94
5/24/2018,70.77,93.76
5/25/2018,67.92,94.19
5/29/2018,66.8,94.83
5/30/2018,68.24,94.15
5/31/2018,66.98,93.98
6/1/2018,65.81,94.19
6/4/2018,64.76,94.02
6/5/2018,65.51,93.9
6/6/2018,64.75,93.66
6/7/2018,65.96,93.4
6/8/2018,65.77,93.55
6/11/2018,66.1,93.58
6/12/2018,66.38,93.8
6/13/2018,66.63,93.71
6/14/2018,66.91,94.77
6/15/2018,65.01,94.79
6/18/2018,65.91,94.8
6/19/2018,65.09,95.08
6/20/2018,65.92,95.06
6/21/2018,65.68,94.74
6/22/2018,69.02,94.52
6/25/2018,69.91,94.28
6/26/2018,75.23,94.66
6/27/2018,77.41,95.27
6/28/2018,73.45,95.39
6/29/2018,74.13,94.64
7/2/2018,73.89,95.03
7/3/2018,74.19,94.67
7/4/2018,,94.67
7/5/2018,73.05,94.47
7/6/2018,73.78,94.04
7/9/2018,73.93,94.08
7/10/2018,74.11,94.15
7/11/2018,70.47,94.72
7/12/2018,70.28,94.81
7/13/2018,71.03,94.75
7/16/2018,68.22,94.51
7/17/2018,68.03,94.94
7/18/2018,68.78,95.08
7/19/2018,69.42,95.15
7/20/2018,70.31,94.45
7/23/2018,67.9,94.67
7/24/2018,70.77,94.61
7/25/2018,71.13,94.36
7/26/2018,71.59,94.75
7/27/2018,68.66,94.67
7/30/2018,71.19,94.32
7/31/2018,69.88,94.49
8/1/2018,68.8,94.62
8/2/2018,68.95,95.16
8/3/2018,68.49,95.14
8/6/2018,69.01,95.36
8/7/2018,69.17,95.22
8/8/2018,66.92,95.05
8/9/2018,66.81,95.5
8/10/2018,67.61,96.36
8/13/2018,67.25,96.39
8/14/2018,67.04,96.73
8/15/2018,65.07,96.7
8/16/2018,65.44,96.64
8/17/2018,65.93,96.1
8/20/2018,66.5,95.9
8/21/2018,67.32,95.26
8/22/2018,67.85,95.15
8/23/2018,69.13,95.67
8/24/2018,69.71,95.15
8/27/2018,69.97,94.78
8/28/2018,68.54,94.72
8/29/2018,69.68,94.6
8/30/2018,70.25,94.72
8/31/2018,69.84,95.14
9/3/2018,,95.14
9/4/2018,69.82,95.44
9/5/2018,68.69,95.18
9/6/2018,67.81,95.02
9/7/2018,67.73,95.36
9/10/2018,67.55,95.15
9/11/2018,69.29,95.25
9/12/2018,70.37,94.8
9/13/2018,68.6,94.52
9/14/2018,68.98,94.93
9/17/2018,68.86,94.5
9/18/2018,69.87,94.64
9/19/2018,71.08,94.54
9/20/2018,70.77,93.91
9/21/2018,70.8,94.22
9/24/2018,73.23,94.19
9/25/2018,73.4,94.13
9/26/2018,72.22,94.19
9/27/2018,72.18,94.89
9/28/2018,73.16,95.13
10/1/2018,75.37,95.3
10/2/2018,75.16,95.51
10/3/2018,76.4,95.76
10/4/2018,74.44,95.75
10/5/2018,74.26,95.62
10/8/2018,74.27,95.76
10/9/2018,74.95,95.67
10/10/2018,73.18,95.51
10/11/2018,70.97,95.02
10/12/2018,71.41,95.22
10/15/2018,71.84,95.06
10/16/2018,71.93,95.05
10/17/2018,69.63,95.58
10/18/2018,68.63,95.9
10/19/2018,69.16,95.71
10/22/2018,69.25,96.01
10/23/2018,66.49,95.96
10/24/2018,66.56,96.43
10/25/2018,67.25,96.68
10/26/2018,67.58,96.36
10/29/2018,67,96.58
10/30/2018,66.18,97.01
10/31/2018,65.31,97.13
11/1/2018,63.67,96.28
11/2/2018,63.12,96.54
11/5/2018,63.12,96.28
11/6/2018,62.16,96.32
11/7/2018,61.69,96
11/8/2018,60.71,96.72
11/9/2018,60.19,96.91
11/12/2018,59.85,97.54
11/13/2018,55.63,97.3
11/14/2018,56.16,96.8
11/15/2018,56.45,96.93
11/16/2018,56.49,96.47
11/19/2018,57.16,96.19
11/20/2018,53.39,96.84
11/21/2018,54.41,96.71
11/22/2018,,96.71
11/23/2018,,96.92
11/26/2018,51.46,97.07
11/27/2018,51.31,97.37
11/28/2018,50.06,96.79
11/29/2018,51.46,96.78
11/30/2018,50.78,97.27
12/3/2018,52.98,97.04
12/4/2018,53.21,96.97
12/5/2018,52.64,97.07
12/6/2018,51.54,96.81
12/7/2018,52.76,96.51
12/10/2018,51.07,97.22
12/11/2018,51.65,97.39
12/12/2018,51.04,97.04
12/13/2018,52.69,97.06
12/14/2018,51.26,97.44
12/17/2018,49.8,97.1
12/18/2018,46.12,97.1
12/19/2018,47.96,97.03
12/20/2018,45.64,96.28
12/21/2018,45.38,96.96
12/26/2018,46.04,97.05
12/27/2018,44.48,96.48
12/28/2018,45.15,96.4
1/2/2019,46.31,96.82
1/3/2019,46.92,96.31
1/4/2019,47.76,96.18
1/7/2019,48.27,95.67
1/8/2019,49.58,95.9
1/9/2019,52.19,95.22
1/10/2019,52.42,95.54
1/11/2019,51.44,95.67
1/14/2019,50.31,95.61
1/15/2019,51.8,96.04
1/16/2019,52.08,96.06
1/17/2019,51.83,96.06
1/18/2019,53.6,96.34
1/21/2019,,96.34
1/22/2019,52.59,96.3
1/23/2019,52.44,96.12
1/24/2019,52.94,96.6
1/25/2019,53.53,95.79
1/28/2019,51.79,95.75
1/29/2019,53.07,95.82
1/30/2019,54.18,95.34
1/31/2019,53.84,95.58
2/1/2019,55.29,95.58
2/4/2019,54.57,95.85
2/5/2019,53.69,96.07
2/6/2019,53.94,96.39
2/7/2019,52.68,96.51
2/8/2019,52.75,96.64
2/11/2019,52.43,97.06
2/12/2019,53.14,96.71
2/13/2019,53.84,97.13
2/14/2019,54.4,96.98
2/15/2019,55.58,96.9
2/18/2019,,96.9
2/19/2019,56.12,96.52
2/20/2019,56.9,96.45
2/21/2019,56.95,96.61
2/22/2019,57.01,96.51
2/25/2019,55.32,96.41
2/26/2019,55.4,96
2/27/2019,56.92,96.15
2/28/2019,57.21,96.16
3/1/2019,55.76,96.53
3/4/2019,56.6,96.68
3/5/2019,56.55,96.87
3/6/2019,56.22,96.87
3/7/2019,56.6,97.67
3/8/2019,55.77,97.31
3/11/2019,56.79,97.22
3/12/2019,56.89,96.94
3/13/2019,58.27,96.55
3/14/2019,58.59,96.78
3/15/2019,58.51,96.59
3/18/2019,59.09,96.52
3/19/2019,59.12,96.38
3/20/2019,60.12,95.76
3/21/2019,59.98,96.5
3/22/2019,58.87,96.65
3/25/2019,58.71,96.57
3/26/2019,59.87,96.74
3/27/2019,59.39,96.77
3/28/2019,59.29,97.2
3/29/2019,60.19,97.28
4/1/2019,61.59,97.23
4/2/2019,62.53,97.36
4/3/2019,62.46,97.09
4/4/2019,62.12,97.31
4/5/2019,63.1,97.39
4/8/2019,64.37,97.05
4/9/2019,64.05,97.01
4/10/2019,64.62,96.95
4/11/2019,63.61,97.18
4/12/2019,63.86,96.97
4/15/2019,63.43,96.94
4/16/2019,64.01,97.04
4/17/2019,63.74,97.01
4/18/2019,64.02,97.47
4/22/2019,65.66,97.29
4/23/2019,66.24,97.64
4/24/2019,65.96,98.17
4/25/2019,65.23,98.2
4/26/2019,63.29,98.01
4/29/2019,63.39,97.86
4/30/2019,63.83,97.48
5/1/2019,63.55,97.69
5/2/2019,61.75,97.83
5/3/2019,61.98,97.52
5/6/2019,62.3,97.52
5/7/2019,61.41,97.63
5/8/2019,62.13,97.62
5/9/2019,61.58,97.37
5/10/2019,61.65,97.33
5/13/2019,60.97,97.32
5/14/2019,61.82,97.53
5/15/2019,62.03,97.57
5/16/2019,62.93,97.86
5/17/2019,62.77,98
5/20/2019,63.12,97.93
5/21/2019,63.02,98.06
5/22/2019,61.42,98.04
5/23/2019,57.65,97.86
5/24/2019,58.4,97.61
5/28/2019,58.91,97.95
5/29/2019,58.84,98.14
5/30/2019,56.47,98.14
5/31/2019,53.49,97.75
6/3/2019,53.25,97.14
6/4/2019,53.5,97.07
6/5/2019,51.57,97.32
6/6/2019,52.59,97.04
6/7/2019,53.95,96.54
6/10/2019,53.33,96.76
6/11/2019,53.3,96.69
6/12/2019,51.13,97
6/13/2019,52.38,97.01
6/14/2019,52.47,97.57
6/17/2019,51.94,97.56
6/18/2019,53.86,97.64
6/19/2019,53.74,97.12
6/20/2019,56.88,96.63
6/21/2019,57.35,96.22
6/24/2019,57.73,95.98
6/25/2019,57.63,96.14
6/26/2019,59.17,96.21
6/27/2019,59.18,96.19
6/28/2019,58.2,96.13
7/1/2019,58.91,96.84
7/2/2019,56,96.73
7/3/2019,57.06,96.77
7/4/2019,,96.77
7/5/2019,,97.29
7/8/2019,57.35,97.38
7/9/2019,57.57,97.49
7/10/2019,60.28,97.1
7/11/2019,59.93,97.05
7/12/2019,59.99,96.81
7/15/2019,59.3,96.93
7/16/2019,57.44,97.39
7/17/2019,56.5,97.22
7/18/2019,55.08,96.79
7/19/2019,55.42,97.15
7/22/2019,55.87,97.26
7/23/2019,56.58,97.7
7/24/2019,55.9,97.73
7/25/2019,55.88,97.82
7/26/2019,56.04,98.01
7/29/2019,56.85,98.04
7/30/2019,58.04,98.05
7/31/2019,58.53,98.52
8/1/2019,53.64,98.37
8/2/2019,55.67,98.07
8/5/2019,54.63,97.52
8/6/2019,53.6,97.63
8/7/2019,51.14,97.54
8/8/2019,52.6,97.62
8/9/2019,54.41,97.49
8/12/2019,54.98,97.38
8/13/2019,57.05,97.81
8/14/2019,55.16,97.99
8/15/2019,54.51,98.14
8/16/2019,54.83,98.14
8/19/2019,56.24,98.35
8/20/2019,56.18,98.19
8/21/2019,55.65,98.3
8/22/2019,55.33,98.17
8/23/2019,54.08,97.64
8/26/2019,53.54,98.08
8/27/2019,54.99,98
8/28/2019,55.76,98.21
8/29/2019,56.67,98.51
8/30/2019,55.07,98.92
9/2/2019,,98.92
9/3/2019,53.91,99
9/4/2019,56.22,98.45
9/5/2019,56.33,98.41
9/6/2019,56.45,98.39
9/9/2019,57.88,98.28
9/10/2019,57.37,98.33
9/11/2019,55.66,98.64
9/12/2019,55.13,98.31
9/13/2019,54.76,98.26
9/16/2019,63.1,98.61
9/17/2019,59.26,98.26
9/18/2019,58.19,98.56
9/19/2019,58.19,98.27
9/20/2019,57.92,98.51
9/23/2019,58.69,98.6
9/24/2019,57.22,98.34
9/25/2019,56.38,99.04
9/26/2019,56.24,99.13
9/27/2019,55.95,99.11
9/30/2019,54.09,99.38
10/1/2019,53.6,99.13
10/2/2019,52.67,99.02
10/3/2019,52.41,98.86
10/4/2019,52.84,98.81
10/7/2019,52.76,98.97
10/8/2019,52.64,99.13
10/9/2019,52.63,99.12
10/10/2019,53.57,98.7
10/11/2019,54.76,98.3
10/14/2019,53.57,98.45
10/15/2019,52.81,98.29
10/16/2019,53.42,98
10/17/2019,53.89,97.61
10/18/2019,53.75,97.28
10/21/2019,53.28,97.33
10/22/2019,54.21,97.53
10/23/2019,55.9,97.49
10/24/2019,56.11,97.63
10/25/2019,56.52,97.83
10/28/2019,55.6,97.76
10/29/2019,55.34,97.69
10/30/2019,54.85,97.65
10/31/2019,54.02,97.35
11/1/2019,56.04,97.24
11/4/2019,56.33,97.5
11/5/2019,57.04,97.98
11/6/2019,56.15,97.95
11/7/2019,56.91,98.14
11/8/2019,57.02,98.35
11/11/2019,,98.2
11/12/2019,56.67,98.31
11/13/2019,56.88,98.37
11/14/2019,56.57,98.16
11/15/2019,57.54,98
11/18/2019,56.82,97.79
11/19/2019,54.93,97.86
11/20/2019,56.71,97.93
11/21/2019,58.36,97.99
11/22/2019,57.68,98.27
11/25/2019,57.79,98.32
11/26/2019,58.25,98.25
11/27/2019,58.12,98.37
11/28/2019,,98.37
11/29/2019,58.12,98.27
12/2/2019,55.97,97.86
12/3/2019,56.15,97.74
12/4/2019,58.46,97.65
12/5/2019,58.42,97.41
12/6/2019,59.2,97.7
12/9/2019,58.99,97.64
12/10/2019,59.22,97.41
12/11/2019,58.74,97.08
12/12/2019,59.18,97.4
12/13/2019,60.11,97.17
12/16/2019,60.21,97.02
12/17/2019,60.88,97.22
12/18/2019,60.93,97.4
12/19/2019,61.3,97.38
12/20/2019,60.43,97.69
12/23/2019,60.51,97.66
12/24/2019,61.17,97.65
12/26/2019,61.72,97.53
12/27/2019,61.76,96.92
12/30/2019,61.66,96.74
12/31/2019,61.14,96.39
1/2/2020,61.17,96.85
1/3/2020,63,96.84
1/6/2020,63.27,96.67
1/7/2020,62.7,97
1/8/2020,59.65,97.3
1/9/2020,59.56,97.45
1/10/2020,59.02,97.36
1/13/2020,58.17,97.34
1/14/2020,58.34,97.37
1/15/2020,57.86,97.23
1/16/2020,58.52,97.32
1/17/2020,58.55,97.64
1/20/2020,,97.61
1/21/2020,58.25,97.53
1/22/2020,56.76,97.53
1/23/2020,55.51,97.69
1/24/2020,54.09,97.85
1/27/2020,53.09,97.96
1/28/2020,53.33,98.02
1/29/2020,53.29,97.99
1/30/2020,52.19,97.87
1/31/2020,51.58,97.39
2/3/2020,50.06,97.8
2/4/2020,49.59,97.96
2/5/2020,50.87,98.3
2/6/2020,50.94,98.5
2/7/2020,50.34,98.68
2/10/2020,49.59,98.83
2/11/2020,50,98.72
2/12/2020,51.13,99.05
2/13/2020,51.41,99.07
2/14/2020,52.03,99.12
2/17/2020,,99
2/18/2020,52.1,99.44
2/19/2020,53.31,99.71
2/20/2020,53.77,99.86
2/21/2020,53.36,99.26
2/24/2020,51.36,99.36
2/25/2020,49.78,98.97
2/26/2020,48.67,99
2/27/2020,47.17,98.51
2/28/2020,44.83,98.13
3/2/2020,46.78,97.36
3/3/2020,47.27,97.15
3/4/2020,46.78,97.34
3/5/2020,45.9,96.82
3/6/2020,41.14,95.95
3/9/2020,31.05,94.89
3/10/2020,34.47,96.41
3/11/2020,33.13,96.51
3/12/2020,31.56,97.47
3/13/2020,31.72,98.75
3/16/2020,28.96,98.07
3/17/2020,26.96,99.57
3/18/2020,20.48,101.16
3/19/2020,25.09,102.75
3/20/2020,19.48,102.82
3/23/2020,23.33,102.49
3/24/2020,21.03,102.04
3/25/2020,20.75,101.05
3/26/2020,16.6,99.35
3/27/2020,15.48,98.36
3/30/2020,14.1,99.18
3/31/2020,20.51,99.05
4/1/2020,20.28,99.67
4/2/2020,25.18,100.18
4/3/2020,28.36,100.58
4/6/2020,26.21,100.68
4/7/2020,23.54,99.9
4/8/2020,24.97,100.12
4/9/2020,22.9,99.52
4/13/2020,22.36,99.35
4/14/2020,20.15,98.89
4/15/2020,19.96,99.46
4/16/2020,19.82,100.03
4/17/2020,18.31,99.78
4/20/2020,-36.98,99.96
4/21/2020,8.91,100.26
4/22/2020,13.64,100.39
4/23/2020,15.06,100.43
4/24/2020,15.99,100.38
4/27/2020,12.17,100.04
4/28/2020,12.4,99.86
4/29/2020,15.04,99.57
4/30/2020,19.23,99.02
5/1/2020,19.72,99.08
5/4/2020,20.47,99.48
5/5/2020,24.56,99.71
5/6/2020,23.88,100.09
5/7/2020,23.68,99.89
5/8/2020,24.73,99.73
5/11/2020,24.02,100.24
5/12/2020,25.76,99.93
5/13/2020,25.37,100.24
5/14/2020,27.4,100.47
5/15/2020,29.44,100.4
5/18/2020,31.83,99.67
5/19/2020,32.3,99.37
5/20/2020,33.56,99.12
5/21/2020,34.3,99.37
5/22/2020,33.49,99.86
5/26/2020,34.7,98.91
5/27/2020,32.8,99.06
5/28/2020,33.67,98.38
5/29/2020,35.57,98.34
6/1/2020,35.49,97.83
6/2/2020,36.88,97.67
6/3/2020,37.33,97.28
6/4/2020,37.42,96.68
6/5/2020,39.49,96.94
6/8/2020,38.17,96.62
6/9/2020,38.98,96.32
6/10/2020,39.54,95.96
6/11/2020,36.43,96.73
6/12/2020,36.24,97.32
6/15/2020,37.07,96.71
6/16/2020,38.26,96.96
6/17/2020,37.91,97.16
6/18/2020,38.79,97.42
6/19/2020,39.72,97.62
6/22/2020,40.6,97.04
6/23/2020,40.4,96.65
6/24/2020,37.91,97.15
6/25/2020,38.66,97.43
6/26/2020,38.53,97.43
6/29/2020,39.67,97.54
6/30/2020,39.27,97.39
7/1/2020,39.88,97.2
7/2/2020,40.57,97.32
7/3/2020,,97.17
7/6/2020,40.51,96.72
7/7/2020,40.59,96.88
7/8/2020,40.91,96.43
7/9/2020,39.64,96.7
7/10/2020,40.56,96.65
7/13/2020,40.06,96.46
7/14/2020,40.3,96.26
7/15/2020,41.2,96.08
7/16/2020,40.74,96.35
7/17/2020,40.55,95.94
7/20/2020,40.83,95.83
7/21/2020,41.76,95.12
7/22/2020,41.88,94.99
7/23/2020,40.99,94.69
7/24/2020,41.23,94.43
7/27/2020,41.46,93.67
7/28/2020,40.89,93.7
7/29/2020,41.13,93.45
7/30/2020,39.85,93.02
7/31/2020,40.1,93.35
8/3/2020,40.83,93.54
8/4/2020,41.67,93.38
8/5/2020,42.25,92.87
8/6/2020,41.93,92.79
8/7/2020,41.16,93.43
8/10/2020,41.94,93.58
8/11/2020,41.53,93.63
8/12/2020,42.6,93.44
8/13/2020,42.26,93.33
8/14/2020,42.05,93.1
8/17/2020,42.89,92.85
8/18/2020,42.89,92.27
8/19/2020,42.91,92.89
8/20/2020,42.62,92.79
8/21/2020,42.32,93.25
8/24/2020,42.44,93.3
8/25/2020,43.17,93.02
8/26/2020,43.21,93.01
8/27/2020,42.88,93
8/28/2020,42.96,92.37
8/31/2020,42.61,92.14
9/1/2020,42.76,92.34
9/2/2020,42.76,92.85
9/3/2020,41.39,92.74
9/4/2020,39.69,92.72
9/7/2020,,92.72
9/8/2020,36.87,93.44
9/9/2020,38.05,93.25
9/10/2020,37.25,93.34
9/11/2020,37.33,93.33
9/14/2020,37.23,93.05
9/15/2020,38.29,93.05
9/16/2020,40.17,93.21
9/17/2020,40.99,92.97
9/18/2020,41.09,92.93
9/21/2020,39.26,93.66
9/22/2020,39.55,93.99
9/23/2020,39.92,94.39
9/24/2020,40.11,94.35
9/25/2020,40.06,94.64
9/28/2020,40.47,94.28
9/29/2020,39.03,93.89
9/30/2020,40.05,93.89
10/1/2020,38.51,93.71
10/2/2020,36.9,93.84
10/5/2020,39.12,93.51
10/6/2020,40.52,93.69
10/7/2020,39.82,93.63
10/8/2020,41.04,93.61
10/9/2020,40.44,93.06
10/12/2020,39.22,93.07
10/13/2020,40.03,93.53
10/14/2020,40.86,93.38
10/15/2020,40.84,93.86
10/16/2020,40.7,93.68
10/19/2020,40.69,93.43
10/20/2020,41.37,93.07
10/21/2020,39.88,92.61
10/22/2020,40.46,92.95
10/23/2020,39.73,92.77
10/26/2020,38.39,93.04
10/27/2020,39.34,92.94
10/28/2020,37.27,93.4
10/29/2020,35.94,93.96
10/30/2020,35.64,94.04
11/2/2020,36.6,94.13
11/3/2020,37.44,93.55
11/4/2020,38.97,93.41
11/5/2020,38.56,92.53
11/6/2020,36.97,92.23
11/9/2020,40.05,92.72
11/10/2020,41.18,92.75
11/11/2020,41.23,93.04
11/12/2020,40.9,92.96
11/13/2020,39.93,92.75
11/16/2020,41.14,92.64
11/17/2020,41.24,92.42
11/18/2020,41.64,92.32
11/19/2020,41.57,92.29
11/20/2020,41.99,92.39
11/23/2020,42.91,92.5
11/24/2020,44.71,92.23
11/25/2020,45.58,91.99
11/26/2020,,91.99
11/27/2020,,91.79
11/30/2020,45.2,91.87
12/1/2020,44.54,91.31
12/2/2020,45.23,91.12
12/3/2020,45.65,90.71
12/4/2020,46.23,90.7
12/7/2020,45.72,90.79
12/8/2020,45.64,90.96
12/9/2020,45.48,91.09
12/10/2020,46.76,90.82
12/11/2020,46.59,90.98
12/14/2020,47.02,90.71
12/15/2020,47.58,90.47
12/16/2020,47.86,90.45
12/17/2020,48.34,89.82
12/18/2020,49.04,90.02
12/21/2020,47.79,90.04
12/22/2020,47.02,90.65
12/23/2020,47.94,90.41
12/24/2020,48.18,90.32
12/28/2020,47.5,90.34
12/29/2020,47.85,89.99
12/30/2020,48.24,89.68
12/31/2020,48.35,89.94
1/4/2021,47.47,89.87
1/5/2021,49.78,89.44
1/6/2021,50.45,89.53
1/7/2021,50.63,89.83
1/8/2021,52.14,90.1
1/11/2021,52.15,90.46
1/12/2021,53.08,90.09
1/13/2021,52.81,90.36
1/14/2021,53.47,90.24
1/15/2021,52.25,90.77
1/18/2021,,90.76
1/19/2021,52.87,90.5
1/20/2021,53.16,90.47
1/21/2021,53,90.13
1/22/2021,52.28,90.24
1/25/2021,52.78,90.39
1/26/2021,52.61,90.17
1/27/2021,52.81,90.65
1/28/2021,52.26,90.46
1/29/2021,52.16,90.58
2/1/2021,53.55,90.98
2/2/2021,54.77,91.2
2/3/2021,55.67,91.17
2/4/2021,56.19,91.53
2/5/2021,56.8,91.04
2/8/2021,57.95,90.93
2/9/2021,58.34,90.44
2/10/2021,58.69,90.37
2/11/2021,58.22,90.42
2/12/2021,59.5,90.48
2/15/2021,,90.48
2/16/2021,60.07,90.51
2/17/2021,61.09,90.95
2/18/2021,60.4,90.59
2/19/2021,59.12,90.36
2/22/2021,61.67,90.01
2/23/2021,61.66,90.17
2/24/2021,63.21,90.18
2/25/2021,63.43,90.13
2/26/2021,61.55,90.88
3/1/2021,60.54,91.04
3/2/2021,59.7,90.79
3/3/2021,61.33,90.95
3/4/2021,63.81,91.63
3/5/2021,66.08,91.98
3/8/2021,65.03,92.31
3/9/2021,64.02,91.96
3/10/2021,64.45,91.82
3/11/2021,66.02,91.42
3/12/2021,65.59,91.68
3/15/2021,65.36,91.83
3/16/2021,64.82,91.86
3/17/2021,64.55,91.44
3/18/2021,59.95,91.86
3/19/2021,61.43,91.92
3/22/2021,61.48,91.74
3/23/2021,57.75,92.34
3/24/2021,61.12,92.53
3/25/2021,58.47,92.53
3/26/2021,60.93,92.77
3/29/2021,61.49,92.94
3/30/2021,60.55,93.3
3/31/2021,59.19,93.23
4/1/2021,61.41,92.93
4/5/2021,58.73,92.6
4/6/2021,59.34,92.33
4/7/2021,59.77,92.46
4/8/2021,59.61,92.06
4/9/2021,59.29,92.16
4/12/2021,59.7,92.14
4/13/2021,60.2,91.85
4/14/2021,63.15,91.69
4/15/2021,63.42,91.69
4/16/2021,63.16,91.56
4/19/2021,63.33,91.07
4/20/2021,62.61,91.24
4/21/2021,61.34,91.15
4/22/2021,61.45,91.33
4/23/2021,62.18,90.86
4/26/2021,62.02,90.81
4/27/2021,63.03,90.91
4/28/2021,63.81,90.61
4/29/2021,65,90.61
4/30/2021,63.5,91.28
5/3/2021,64.46,90.94
5/4/2021,65.72,91.29
5/5/2021,65.63,91.31
5/6/2021,64.73,90.95
5/7/2021,64.96,90.23
5/10/2021,64.92,90.21
5/11/2021,65.31,90.14
5/12/2021,65.96,90.71
5/13/2021,63.82,90.75
5/14/2021,65.32,90.32
5/17/2021,66.24,90.16
5/18/2021,65.49,89.75
5/19/2021,63.28,90.19
5/20/2021,61.95,89.81
5/21/2021,63.61,90.02
5/24/2021,66.13,89.84
5/25/2021,66.27,89.64
5/26/2021,66.41,90.04
5/27/2021,66.87,89.97
5/28/2021,66.31,90.03
6/1/2021,67.8,89.83
6/2/2021,68.79,89.91
6/3/2021,68.81,90.51
6/4/2021,69.57,90.14
6/7/2021,69.21,89.95
6/8/2021,70.11,90.08
6/9/2021,69.9,90.12
6/10/2021,70.34,90.07
6/11/2021,71,90.56
6/14/2021,70.94,90.52
6/15/2021,72.06,90.54
6/16/2021,72.03,91.13
6/17/2021,71.06,91.89
6/18/2021,71.64,92.22
6/21/2021,73.64,91.9
6/22/2021,73.15,91.76
6/23/2021,73.11,91.8
6/24/2021,73.31,91.81
6/25/2021,74.21,91.85
6/28/2021,72.98,91.89
6/29/2021,73.14,92.05
6/30/2021,73.52,92.44
7/1/2021,75.33,92.6
7/2/2021,75.37,92.23
7/5/2021,,92.21
7/6/2021,73.62,92.55
7/7/2021,72.22,92.64
7/8/2021,72.98,92.42
7/9/2021,74.56,92.13
7/12/2021,74.21,92.26
7/13/2021,75.24,92.75
7/14/2021,73.06,92.41
7/15/2021,71.67,92.62
7/16/2021,71.76,92.69
7/19/2021,66.45,92.89
7/20/2021,67.32,92.97
7/21/2021,70.26,92.75
7/22/2021,72.15,92.82
7/23/2021,72.24,92.91
7/26/2021,72.15,92.65
7/27/2021,71.68,92.43
7/28/2021,72.37,92.32
7/29/2021,73.62,91.86
7/30/2021,73.93,92.17
8/2/2021,71.31,92.05
8/3/2021,70.64,92.08
8/4/2021,68.19,92.27
8/5/2021,69.1,92.24
8/6/2021,68.26,92.8
8/9/2021,66.56,92.94
8/10/2021,68.33,93.06
8/11/2021,69.3,92.92
8/12/2021,69.12,93.04
8/13/2021,68.36,92.52
8/16/2021,67.44,92.63
8/17/2021,66.5,93.13
8/18/2021,65.36,93.14
8/19/2021,63.69,93.57
8/20/2021,62.25,93.5
8/23/2021,65.65,92.96
8/24/2021,67.5,92.89
8/25/2021,68.54,92.82
8/26/2021,67.42,93.06
8/27/2021,68.84,92.69
8/30/2021,69.28,92.65
8/31/2021,68.43,92.63
9/1/2021,68.63,92.45
9/2/2021,70.07,92.22
9/3/2021,69.34,92.04
9/6/2021,,92.04
9/7/2021,68.49,92.51
9/8/2021,69.36,92.65
9/9/2021,68.26,92.48
9/10/2021,69.82,92.58
9/13/2021,70.54,92.68
9/14/2021,70.53,92.62
9/15/2021,72.59,92.55
9/16/2021,72.69,92.93
9/17/2021,72.09,93.19
9/20/2021,70.41,93.28
9/21/2021,70.51,93.2
9/22/2021,72.37,93.46
9/23/2021,73.43,93.03
9/24/2021,74.18,93.33
9/27/2021,75.54,93.38
9/28/2021,75.44,93.77
9/29/2021,75.06,94.34
9/30/2021,75.22,94.23
10/1/2021,76.01,94.04
10/4/2021,77.68,93.78
10/5/2021,79.17,93.97
10/6/2021,77.66,94.27
10/7/2021,78.46,94.22
10/8/2021,79.55,94.07
10/11/2021,80.64,94.32
10/12/2021,80.75,94.52
10/13/2021,80.67,94.08
10/14/2021,81.43,93.96
10/15/2021,82.39,93.94
10/18/2021,82.62,93.95
10/19/2021,83.19,93.73
10/20/2021,84.4,93.56
10/21/2021,82.64,93.77
10/22/2021,84.53,93.64
10/25/2021,84.64,93.81
10/26/2021,85.64,93.95
10/27/2021,82.66,93.8
10/28/2021,82.78,93.35
10/29/2021,83.5,94.12
11/1/2021,84.08,93.88
11/2/2021,83.91,94.09
11/3/2021,80.82,93.86
11/4/2021,78.88,94.35
11/5/2021,81.25,94.32
11/8/2021,81.96,94.05
11/9/2021,84.12,93.96
11/10/2021,81.23,94.85
11/11/2021,81.47,95.18
11/12/2021,80.87,95.13
11/15/2021,80.85,95.41
11/16/2021,80.76,95.92
11/17/2021,78.32,95.83
11/18/2021,78.92,95.54
11/19/2021,76.11,96.03
11/22/2021,76.74,96.55
11/23/2021,78.32,96.49
11/24/2021,78.32,96.88
11/25/2021,,96.77
11/26/2021,,96.09
11/29/2021,69.88,96.34
11/30/2021,66.14,95.99
12/1/2021,65.44,96.03
12/2/2021,66.6,96.16
12/3/2021,66.39,96.12
12/6/2021,69.62,96.33
12/7/2021,71.94,96.37
12/8/2021,72.43,95.89
12/9/2021,70.87,96.27
12/10/2021,71.71,96.1
12/13/2021,71.19,96.32
12/14/2021,70.57,96.57
12/15/2021,70.89,96.51
12/16/2021,72.34,96.04
12/17/2021,70.93,96.57
12/20/2021,68.69,96.55
12/21/2021,71.1,96.49
12/22/2021,72.82,96.08
12/23/2021,73.89,96.02
12/24/2021,,#N/A
12/27/2021,75.49,96.09
12/28/2021,76.01,96.2
12/29/2021,76.58,95.93
12/30/2021,76.83,95.97
12/31/2021,75.33,95.97
1/3/2022,75.99,96.21
1/4/2022,77,96.26
1/5/2022,77.83,96.17
1/6/2022,79.47,96.32
1/7/2022,79,95.72
1/10/2022,78.11,95.99
1/11/2022,81.17,95.62
1/12/2022,82.51,94.92
1/13/2022,81.97,94.79
1/14/2022,83.82,95.17
1/17/2022,,95.26
1/18/2022,85.42,95.73
1/19/2022,86.84,95.51
1/20/2022,86.29,95.74
1/21/2022,85.16,95.64
1/24/2022,84.48,95.92
1/25/2022,86.61,95.95
1/26/2022,88.33,96.39
1/27/2022,87.61,97.25
1/28/2022,87.67,97.27
1/31/2022,89.16,96.54
2/1/2022,88.22,96.39
2/2/2022,88.16,95.94
2/3/2022,90.17,95.38
2/4/2022,92.27,95.49
2/7/2022,91.25,95.4
2/8/2022,89.32,95.64
2/9/2022,89.57,95.49
2/10/2022,89.83,95.55
2/11/2022,93.1,96.08
2/14/2022,95.52,96.37
2/15/2022,92.07,95.99
2/16/2022,93.83,95.7
2/17/2022,91.78,95.8
2/18/2022,91.26,96.04
2/21/2022,,96.08
2/22/2022,92.11,96.03
2/23/2022,92.14,96.19
2/24/2022,92.77,97.14
2/25/2022,91.68,96.61
2/28/2022,96.13,96.71
3/1/2022,103.66,97.41
3/2/2022,110.74,97.39
3/3/2022,107.69,97.79
3/4/2022,115.77,98.65
3/7/2022,119.26,99.29
3/8/2022,123.64,99.06
3/9/2022,108.81,97.97
3/10/2022,105.93,98.51
3/11/2022,109.31,99.12
3/14/2022,103.22,99
3/15/2022,96.42,99.1
3/16/2022,94.85,98.62
3/17/2022,102.97,97.97
3/18/2022,104.69,98.23
3/21/2022,112.14,98.5
3/22/2022,111.03,98.49
3/23/2022,114.89,98.62
3/24/2022,114.2,98.79
3/25/2022,116.2,98.79
3/28/2022,107.55,99.09
3/29/2022,104.25,98.4
3/30/2022,107.81,97.79
3/31/2022,100.53,98.31
4/1/2022,99.32,98.63
4/4/2022,103.29,99
4/5/2022,101.98,99.47
4/6/2022,96.39,99.6
4/7/2022,96.05,99.75
4/8/2022,98.35,99.8
4/11/2022,94.22,99.93
4/12/2022,100.52,100.29
4/13/2022,104.26,99.88
4/14/2022,106.84,100.32
4/18/2022,108.24,100.78
4/19/2022,102.54,100.96
4/20/2022,102.56,100.39
4/21/2022,103.89,100.58
4/22/2022,102.86,101.22
4/25/2022,99.6,101.75
4/26/2022,102.62,102.3
4/27/2022,101.96,102.95
4/28/2022,105.47,103.62
4/29/2022,104.59,102.96
5/2/2022,105.18,103.74
5/3/2022,102.53,103.46
5/4/2022,107.84,102.59
5/5/2022,108.17,103.75
5/6/2022,109.72,103.66
5/9/2022,103.08,103.65
5/10/2022,99.74,103.92
5/11/2022,105.5,103.85
5/12/2022,106.15,104.85
5/13/2022,110.52,104.56
5/16/2022,114.07,104.19
5/17/2022,112.31,103.36
5/18/2022,109.67,103.81
5/19/2022,112.21,102.72
5/20/2022,112.63,103.15
5/23/2022,110.32,102.08
5/24/2022,112.55,101.86
5/25/2022,112.88,102.06
5/26/2022,116.19,101.83
5/27/2022,114.96,101.67
5/30/2022,,101.67
5/31/2022,114.38,101.75
6/1/2022,115.26,102.5
6/2/2022,116.88,101.82
6/3/2022,118.97,102.14
6/6/2022,118.41,102.44
6/7/2022,119.55,102.32
6/8/2022,121.94,102.54
6/9/2022,121.52,103.22
6/10/2022,120.73,104.15
6/13/2022,120.92,105.08
6/14/2022,118.92,105.52
6/15/2022,115.32,105.16
6/16/2022,117.56,103.63
6/17/2022,109.56,104.7
6/20/2022,,104.7
6/21/2022,110.49,104.43
6/22/2022,106.22,104.2
6/23/2022,105.75,104.43
6/24/2022,109.07,104.18
6/27/2022,111.44,103.94
6/28/2022,113.66,104.51
6/29/2022,111.65,105.11
6/30/2022,107.76,104.68
7/1/2022,110.3,105.14
7/4/2022,,105.14
7/5/2022,101.55,106.54
7/6/2022,100.31,107.1
7/7/2022,104.62,107.13
7/8/2022,106.78,107.01
7/11/2022,106.09,108.02
7/12/2022,97.69,108.07
7/13/2022,98.44,107.96
7/14/2022,97.79,108.54
7/15/2022,99.59,108.06
7/18/2022,104.48,107.37
7/19/2022,106.12,106.68
7/20/2022,104.45,107.08
7/21/2022,98.44,106.91
7/22/2022,97.71,106.73
7/25/2022,99.83,106.48
7/26/2022,97.74,107.19
7/27/2022,100.03,106.45
7/28/2022,99.11,106.35
7/29/2022,101.31,105.9
8/1/2022,96.59,105.45
8/2/2022,97.14,106.24
8/3/2022,93.25,106.51
8/4/2022,91.29,105.69
8/5/2022,91.77,106.62
8/8/2022,93.52,106.43
8/9/2022,93.18,106.37
8/10/2022,94.68,105.2
8/11/2022,97.02,105.09
8/12/2022,94.86,105.63
8/15/2022,92.24,106.55
8/16/2022,89.23,106.5
8/17/2022,90.85,106.57
8/18/2022,93.2,107.48
8/19/2022,93.55,108.17
8/22/2022,93.42,109.05
8/23/2022,96.46,108.62
8/24/2022,95.52,108.68
8/25/2022,93.33,108.47
8/26/2022,93.63,108.8
8/29/2022,97.4,108.83
8/30/2022,92.08,108.77
8/31/2022,90.09,108.7
9/1/2022,87.09,109.69
9/2/2022,87.29,109.53
9/5/2022,,109.83
9/6/2022,87.35,110.21
9/7/2022,82.5,109.84
9/8/2022,84.04,109.71
9/9/2022,87.27,109
9/12/2022,88.18,108.33
9/13/2022,87.84,109.82
9/14/2022,88.88,109.66
9/15/2022,85.72,109.74
9/16/2022,85.57,109.76
9/19/2022,86.15,109.74
9/20/2022,84.69,110.21
9/21/2022,83.38,110.64
9/22/2022,84.02,111.35
9/23/2022,79.07,113.19
9/26/2022,77.17,114.1
9/27/2022,78.91,114.11
9/28/2022,82.61,112.6
9/29/2022,81.78,112.25
9/30/2022,79.91,112.12
10/3/2022,84.05,111.75
10/4/2022,86.87,110.07
10/5/2022,88.22,111.07
10/6/2022,88.9,112.26
10/7/2022,93.07,112.79
10/10/2022,91.6,113.14
10/11/2022,89.75,113.22
10/12/2022,87.83,113.32
10/13/2022,89.59,112.36
10/14/2022,86.1,113.31
10/17/2022,86,112.04
10/18/2022,83.29,112.13
10/19/2022,86,112.98
10/20/2022,86.02,112.88
10/21/2022,85.47,112.01
10/24/2022,86.12,111.99
10/25/2022,86.93,110.95
10/26/2022,89.39,109.7
10/27/2022,89.06,110.59
10/28/2022,87.85,110.75
10/31/2022,86.54,111.53
11/1/2022,88.36,111.48
11/2/2022,90.06,111.35
11/3/2022,88.14,112.93
11/4/2022,92.58,110.88
11/7/2022,91.8,110.12
11/8/2022,88.8,109.64
11/9/2022,85.79,110.55
11/10/2022,86.52,108.21
11/11/2022,89.14,106.29
11/14/2022,85.85,106.66
11/15/2022,86.87,106.4
11/16/2022,85.62,106.28
11/17/2022,81.69,106.69
11/18/2022,80.07,106.93
11/21/2022,79.74,107.83
11/22/2022,80.83,107.22
11/23/2022,77.93,106.08
11/24/2022,,105.82
11/25/2022,76.45,105.96
11/28/2022,77.1,106.68
11/29/2022,77.96,106.82
11/30/2022,80.48,105.95
12/1/2022,81.06,104.73
12/2/2022,79.86,104.54
12/5/2022,76.83,105.29
12/6/2022,74.21,105.58
12/7/2022,71.93,105.1
12/8/2022,71.3,104.77
12/9/2022,71.05,104.81
12/12/2022,72.96,105.13
12/13/2022,75.44,103.98
12/14/2022,77.14,103.77
12/15/2022,75.89,104.56
12/16/2022,74.19,104.7
12/19/2022,75.05,104.72
12/20/2022,75.92,103.96
12/21/2022,78.17,104.16
12/22/2022,77.68,104.43
12/23/2022,79.57,104.31
12/27/2022,79.45,104.18
12/28/2022,78.89,104.46
12/29/2022,78.43,103.84
12/30/2022,80.16,103.52
1/3/2023,76.87,104.52
1/4/2023,72.82,104.25
1/5/2023,73.61,105.04
1/6/2023,73.77,103.88
1/9/2023,74.69,103
1/10/2023,75.11,103.24
1/11/2023,77.46,103.19
1/12/2023,78.32,102.25
1/13/2023,79.9,102.2
1/16/2023,,102.27
1/17/2023,80.25,102.39
1/18/2023,79.53,102.36
1/19/2023,80.31,102.06
1/20/2023,81.27,102.01
1/23/2023,81.62,102.14
1/24/2023,79.86,101.92
1/25/2023,79.78,101.64
1/26/2023,80.64,101.84
1/27/2023,79.73,101.93
1/30/2023,77.97,102.28
1/31/2023,78.95,102.1
2/1/2023,76.34,101.22
2/2/2023,75.87,101.75
2/3/2023,73.4,102.92
2/6/2023,74.11,103.62
2/7/2023,77.17,103.43
2/8/2023,78.47,103.41
2/9/2023,78.04,103.22
2/10/2023,79.74,103.63
2/13/2023,80.14,103.35
2/14/2023,79.08,103.23
2/15/2023,78.57,103.92
2/16/2023,78.45,103.86
2/17/2023,76.31,103.86
2/20/2023,,103.86
2/21/2023,76.28,104.18
2/22/2023,73.95,104.58
2/23/2023,75.26,104.6
2/24/2023,76.19,105.21
2/27/2023,75.57,104.67
2/28/2023,76.88,104.87
3/1/2023,77.57,104.48
3/2/2023,78.05,105.03
3/3/2023,79.62,104.52
3/6/2023,80.39,104.35
3/7/2023,77.45,105.61
3/8/2023,76.56,105.66
3/9/2023,75.6,105.31
3/10/2023,76.55,104.58
3/13/2023,74.68,103.6
3/14/2023,71.18,103.6
3/15/2023,67.38,104.65
3/16/2023,68.15,104.42
3/17/2023,66.61,103.71
3/20/2023,67.56,103.28
3/21/2023,69.4,103.26
3/22/2023,70.71,102.35
3/23/2023,69.77,102.53
3/24/2023,69.22,103.12
3/27/2023,72.87,102.86
3/28/2023,73.12,102.43
3/29/2023,72.95,102.64
3/30/2023,74.32,102.14
3/31/2023,75.68,102.51
4/3/2023,80.4,102.09
4/4/2023,80.7,101.59
4/5/2023,80.69,101.85
4/6/2023,80.7,101.82
4/10/2023,79.79,102.58
4/11/2023,81.54,102.2
4/12/2023,83.26,101.5
4/13/2023,82.16,101.01
4/14/2023,82.58,101.55
4/17/2023,80.93,102.1
4/18/2023,80.85,101.75
4/19/2023,79.18,101.97
4/20/2023,77.27,101.84
4/21/2023,77.86,101.82
4/24/2023,78.64,101.35
4/25/2023,77.05,101.86
4/26/2023,74.33,101.47
4/27/2023,74.77,101.5
4/28/2023,76.78,101.66
5/1/2023,75.65,102.15
5/2/2023,71.71,101.96
5/3/2023,68.62,101.34
5/4/2023,68.52,101.4
5/5/2023,71.32,101.21
5/8/2023,73.13,101.38
5/9/2023,73.68,101.61
5/10/2023,72.53,101.48
5/11/2023,70.81,102.06
5/12/2023,70.02,102.68
5/15/2023,71.07,102.43
5/16/2023,70.85,102.56
5/17/2023,72.78,102.88
5/18/2023,71.82,103.58
5/19/2023,71.57,103.2
5/22/2023,71.81,103.2
5/23/2023,72.87,103.49
5/24/2023,74.37,103.89
5/25/2023,71.68,104.25
5/26/2023,72.35,104.21
5/30/2023,69.45,104.17
5/31/2023,68.11,104.33
6/1/2023,70.09,103.56
6/2/2023,71.76,104.01
6/5/2023,72.14,104
6/6/2023,71.71,104.13
6/7/2023,72.52,104.1
6/8/2023,71.28,103.34
6/9/2023,70.16,103.56
6/12/2023,67.08,103.65
6/13/2023,69.39,103.34
6/14/2023,68.22,102.95
6/15/2023,70.61,102.11
6/16/2023,71.81,102.24
6/19/2023,,102.52
6/20/2023,70.94,102.54
6/21/2023,72.55,102.07
6/22/2023,69.22,102.39
6/23/2023,68.91,102.9
6/26/2023,69.09,102.69
6/27/2023,67.68,102.49
6/28/2023,69.54,102.9
6/29/2023,69.85,103.34
6/30/2023,70.66,102.91
7/3/2023,69.71,102.96
7/4/2023,,103.04
7/5/2023,71.78,103.37
7/6/2023,71.76,103.07
7/7/2023,73.91,102.27
7/10/2023,73.05,101.97
7/11/2023,74.87,101.73
7/12/2023,75.77,100.52
7/13/2023,76.86,99.77
7/14/2023,75.44,99.91
7/17/2023,74.17,99.84
7/18/2023,75.76,99.94
7/19/2023,75.4,100.28
7/20/2023,75.65,100.88
7/21/2023,77.06,101.07
7/24/2023,78.81,101.35
7/25/2023,79.76,101.35
7/26/2023,79.11,100.89
7/27/2023,80.17,101.77
7/28/2023,80.55,101.62
7/31/2023,81.8,101.86
8/1/2023,81.37,102.3
8/2/2023,79.5,102.59
8/3/2023,81.56,102.54
8/4/2023,82.76,102.02
8/7/2023,81.94,102.05
8/8/2023,82.94,102.53
8/9/2023,84.35,102.49
8/10/2023,82.81,102.52
8/11/2023,83.17,102.84
8/14/2023,82.5,103.19
8/15/2023,81.06,103.21
8/16/2023,79.4,103.43
8/17/2023,80.43,103.57
8/18/2023,81.25,103.38
8/21/2023,80.71,103.3
8/22/2023,80.25,103.56
8/23/2023,78.91,103.42
8/24/2023,79.52,103.98
8/25/2023,80.47,104.08
8/28/2023,80.65,104.06
8/29/2023,81.14,103.53
8/30/2023,81.64,103.16
8/31/2023,83.55,103.62
9/1/2023,85.52,104.24
9/4/2023,,104.24
9/5/2023,86.74,104.81
9/6/2023,87.55,104.86
9/7/2023,86.87,105.06
9/8/2023,87.51,105.09
9/11/2023,87.3,104.57
9/12/2023,88.87,104.71
9/13/2023,88.59,104.77
9/14/2023,90.13,105.4
9/15/2023,90.83,105.32
9/18/2023,91.47,105.2
9/19/2023,91.16,105.16
9/20/2023,89.2,105.12
9/21/2023,89.56,105.36
9/22/2023,90,105.58
9/25/2023,89.68,106
9/26/2023,91.43,106.23
9/27/2023,93.67,106.67
9/28/2023,91.65,106.22
9/29/2023,90.77,106.22
10/2/2023,88.81,106.9
10/3/2023,89.26,107
10/4/2023,84.32,106.8
10/5/2023,82.3,106.33
10/6/2023,82.83,106.04
10/9/2023,,106.08
10/10/2023,85.89,105.82
10/11/2023,83.7,105.82
10/12/2023,82.87,106.6
10/13/2023,87.67,106.65
10/16/2023,86.65,106.24
10/17/2023,86.66,106.25
10/18/2023,88.35,106.57
10/19/2023,89.35,106.25
10/20/2023,89.12,106.16
10/23/2023,85.49,105.54
10/24/2023,84.58,106.27
10/25/2023,86.07,106.53
10/26/2023,83.8,106.6
10/27/2023,86.04,106.56
10/30/2023,83.03,106.12
10/31/2023,81.64,106.66
11/1/2023,81.05,106.88
11/2/2023,83.04,106.12
11/3/2023,81.19,105.02
11/6/2023,81.54,105.21
11/7/2023,77.96,105.54
11/8/2023,75.85,105.59
11/9/2023,76.34,105.91
11/10/2023,,105.86
11/13/2023,78.86,105.63
11/14/2023,78.9,104.05
11/15/2023,77.15,104.39
11/16/2023,73.5,104.35
11/17/2023,76.47,103.92
11/20/2023,78.1,103.44
11/21/2023,78.35,103.57
11/22/2023,76.8,103.92
11/23/2023,,103.77
11/24/2023,74.83,103.4
11/27/2023,74.46,103.2
11/28/2023,76.09,102.75
11/29/2023,77.56,102.76
11/30/2023,75.66,103.5
12/1/2023,73.7,103.27
12/4/2023,72.73,103.71
12/5/2023,71.95,104.05
12/6/2023,68.98,104.15
12/7/2023,69,103.54
12/8/2023,70.87,104.01
12/11/2023,70.95,104.1
12/12/2023,68.27,103.86
12/13/2023,69.09,102.87
12/14/2023,71.21,101.96
12/15/2023,71.05,102.55
12/18/2023,72.16,102.56
12/19/2023,73.23,102.17
12/20/2023,73.87,102.41
12/21/2023,73.59,101.84
12/22/2023,73.29,101.7
12/26/2023,75.84,101.47
12/27/2023,74.31,100.99
12/28/2023,72.02,101.23
12/29/2023,71.89,101.33
1/2/2024,70.62,102.2
1/3/2024,72.97,102.49
1/4/2024,72.38,102.42
1/5/2024,74,102.41
1/8/2024,71.06,102.21
1/9/2024,72.43,102.57
1/10/2024,71.57,102.36
1/11/2024,72.15,102.29
1/12/2024,72.94,102.4
1/15/2024,,102.4
1/16/2024,72.63,103.36
1/17/2024,72.79,103.45
1/18/2024,74.32,103.54
1/19/2024,73.69,103.29
1/22/2024,75.26,103.33
1/23/2024,74.72,103.62
1/24/2024,75.48,103.24
1/25/2024,77.91,103.57
1/26/2024,78.45,103.43
1/29/2024,77.25,103.61
1/30/2024,78.3,103.4
1/31/2024,76.28,103.27
2/1/2024,74.36,103.05
2/2/2024,72.72,103.92
2/5/2024,73.21,104.45
2/6/2024,73.83,104.21
2/7/2024,74.26,104.06
2/8/2024,76.67,104.17
2/9/2024,77.26,104.11
2/12/2024,77.34,104.17
2/13/2024,78.28,104.96
2/14/2024,77.09,104.72
2/15/2024,78.47,104.3
2/16/2024,79.65,104.3
2/19/2024,,104.29
2/20/2024,78.72,104.08
2/21/2024,78.89,104.01
2/22/2024,79.64,103.96
2/23/2024,77.6,103.94
2/26/2024,78.53,103.83
2/27/2024,79.8,103.83
2/28/2024,79.44,103.97
2/29/2024,79.22,104.16
3/1/2024,80.9,103.86
3/4/2024,79.67,103.83
3/5/2024,79.11,103.8
3/6/2024,80.08,103.37
3/7/2024,79.81,102.82
3/8/2024,78.96,102.71
3/11/2024,78.87,102.87
3/12/2024,78.51,102.96
3/13/2024,80.67,102.79
3/14/2024,82.16,103.36
3/15/2024,81.94,103.43
3/18/2024,83.68,103.59
3/19/2024,84.39,103.84
3/20/2024,82.79,103.41
3/21/2024,81.99,104
3/22/2024,81.1,104.47
3/25/2024,82.41,104.24
3/26/2024,82.41,104.29
3/27/2024,82.15,104.35
3/28/2024,83.96,104.55
4/1/2024,84.54,105.02
4/2/2024,85.95,104.82
4/3/2024,86.22,104.25
4/4/2024,87.37,104.12
4/5/2024,87.69,104.3
4/8/2024,87.24,104.14
4/9/2024,86.04,104.15
4/10/2024,86.98,105.25
4/11/2024,85.79,105.28
